店铺id,店铺名,评论总数,人均价格,标签1,标签2,详情链接,图片链接,店铺总分
G8sqwbEyO5qtux24,EL PATIO GELATO冰淇淋花园意大利手工冰淇淋(沈河店),146条评价,￥28,冰淇淋,南市/马路湾,https://www.dianping.com/shop/G8sqwbEyO5qtux24,http://p1.meituan.net/merchant/149bc23e523afb50fa2800bfd7e5a743270072.jpg%40340w_255h_1e_1c_1l%7Cwatermark%3D0,4.0
k4ahZAHv6onv3PuY,BLUEBUBBLE(总店),2322条评价,￥27,茶饮果汁,西塔/北市场,https://www.dianping.com/shop/k4ahZAHv6onv3PuY,http://p0.meituan.net/biztone/1753501402_1666231883622.jpeg%40340w_255h_1e_1c_1l%7Cwatermark%3D0,4.0
G4L4f9OgGMY85ua2,99% gelato,113条评价,￥27,冰淇淋,中街/故宫,https://www.dianping.com/shop/G4L4f9OgGMY85ua2,http://p0.meituan.net/merchant/4e3baf0e96ac24a0057fa4ed28794a2494610.jpg%40340w_255h_1e_1c_1l%7Cwatermark%3D0,3.5
k5Z2r71mVFe1N6L8,九十葉·抹茶专门店(沈阳·万象城店),754条评价,￥44,冰淇淋,青年大街,https://www.dianping.com/shop/k5Z2r71mVFe1N6L8,https://img.meituan.net/content/cf6481897d122012ca9436128c84f19f219298.png%40340w_255h_1e_1c_1l%7Cwatermark%3D0,4.0
H8p2Zsj8WUTfmqqs,VENCHI 闻绮(沈阳万象城店),1381条评价,￥70,甜品,青年大街,https://www.dianping.com/shop/H8p2Zsj8WUTfmqqs,https://img.meituan.net/content/e0b634cf810021b17c0cd12a17d767171876243.png%40340w_255h_1e_1c_1l%7Cwatermark%3D0,4.0
l82xbWBaUUgBSanO,DQ·蛋糕·冰淇淋(大悦城店),2875条评价,￥18,冰淇淋,东中街,https://www.dianping.com/shop/l82xbWBaUUgBSanO,https://img.meituan.net/content/5da0ad18e45d732653c64ff4c578cf33164900.jpg%40340w_255h_1e_1c_1l%7Cwatermark%3D0,4.0
GaUWpoHpbjJ01tIz,野人先生现做冰淇淋(沈阳皇姑万象汇店),261条评价,￥29,冰淇淋,鸭绿江街,https://www.dianping.com/shop/GaUWpoHpbjJ01tIz,https://img.meituan.net/content/ae3d61e7b5dc745212b7bc37bc12c0ab104124.png%40340w_255h_1e_1c_1l%7Cwatermark%3D0,4.0
l1i59Qyr25AKzIKO,意大利手工冰淇淋gelato,16条评价,￥31,冰淇淋,东中街,https://www.dianping.com/shop/l1i59Qyr25AKzIKO,http://p0.meituan.net/poipicadd/65f107b9e0b1e0c28e163626a582faa1411925.jpg%40340w_255h_1e_1c_1l%7Cwatermark%3D0,3.5
k3gPi7c8kU7MZssK,egg² lab 甜品店,225条评价,￥54,甜品,南市/马路湾,https://www.dianping.com/shop/k3gPi7c8kU7MZssK,https://p0.meituan.net/biztone/a17f5b9a1602d2a2402b4a75e3c64ef5689112.jpg%40340w_255h_1e_1c_1l%7Cwatermark%3D0,5.0
k7KvZknUDcA8YnBL,野兽学家(太原街万达店),172条评价,￥20,冰淇淋,太原街,https://www.dianping.com/shop/k7KvZknUDcA8YnBL,https://p0.meituan.net/biztone/b9969c494eb80438e6937b2a0104143475263.jpg%40340w_255h_1e_1c_1l%7Cwatermark%3D0,4.0
H1M2inUnRxzxyt5V,中街冰点(星兔店),7393条评价,￥21,冰淇淋,中街/故宫,https://www.dianping.com/shop/H1M2inUnRxzxyt5V,https://img.meituan.net/msmerchant/cffb6fa7a4cffc1834b6771a07991af431540.jpg%40340w_255h_1e_1c_1l%7Cwatermark%3D0,4.0
H8HRrXsO8h5gA1De,吕三吉,89条评价,￥23,茶饮果汁,东中街,https://www.dianping.com/shop/H8HRrXsO8h5gA1De,https://img.meituan.net/content/7c07c778fb3e4bbe4aee426dba17216f136158.jpg%40340w_255h_1e_1c_1l%7Cwatermark%3D0,4.0
H2xoxbQFV1OjAATL,Oink cake gelato,71条评价,￥34,冰淇淋,南市/马路湾,https://www.dianping.com/shop/H2xoxbQFV1OjAATL,https://p0.meituan.net/poiugc/9851c4e39606020afd4e1c4828cb97142861247.png%40340w_255h_1e_1c_1l%7Cwatermark%3D0,4.5
G3ASEkwWkmlhWGTO,哈根达斯(万象汇店),1057条评价,￥60,冰淇淋,铁西广场,https://www.dianping.com/shop/G3ASEkwWkmlhWGTO,https://p0.meituan.net/biztone/6b737092df5ed84203c0c361dbe3cff2631778.jpg%40340w_255h_1e_1c_1l%7Cwatermark%3D0,4.0
H48dEhuwTZEN4mzU,luneurs月乐诗(万象城),75条评价,￥35,冰淇淋,彩电塔,https://www.dianping.com/shop/H48dEhuwTZEN4mzU,http://p1.meituan.net/poipicadd/2f14b723c5e93ee765603fb07be2d9a4658458.jpg%40340w_255h_1e_1c_1l%7Cwatermark%3D0,4.0
G8sqwbEyO5qtux24,EL PATIO GELATO冰淇淋花园意大利手工冰淇淋(沈河店),146条评价,￥28,冰淇淋,南市/马路湾,https://www.dianping.com/shop/G8sqwbEyO5qtux24,http://p1.meituan.net/merchant/149bc23e523afb50fa2800bfd7e5a743270072.jpg%40340w_255h_1e_1c_1l%7Cwatermark%3D0,4.0
k4ahZAHv6onv3PuY,BLUEBUBBLE(总店),2322条评价,￥27,茶饮果汁,西塔/北市场,https://www.dianping.com/shop/k4ahZAHv6onv3PuY,http://p0.meituan.net/biztone/1753501402_1666231883622.jpeg%40340w_255h_1e_1c_1l%7Cwatermark%3D0,4.0
G4L4f9OgGMY85ua2,99% gelato,113条评价,￥27,冰淇淋,中街/故宫,https://www.dianping.com/shop/G4L4f9OgGMY85ua2,http://p0.meituan.net/merchant/4e3baf0e96ac24a0057fa4ed28794a2494610.jpg%40340w_255h_1e_1c_1l%7Cwatermark%3D0,3.5
k5Z2r71mVFe1N6L8,九十葉·抹茶专门店(沈阳·万象城店),754条评价,￥44,冰淇淋,青年大街,https://www.dianping.com/shop/k5Z2r71mVFe1N6L8,https://img.meituan.net/content/cf6481897d122012ca9436128c84f19f219298.png%40340w_255h_1e_1c_1l%7Cwatermark%3D0,4.0
H8p2Zsj8WUTfmqqs,VENCHI 闻绮(沈阳万象城店),1381条评价,￥70,甜品,青年大街,https://www.dianping.com/shop/H8p2Zsj8WUTfmqqs,https://img.meituan.net/content/e0b634cf810021b17c0cd12a17d767171876243.png%40340w_255h_1e_1c_1l%7Cwatermark%3D0,4.0
l82xbWBaUUgBSanO,DQ·蛋糕·冰淇淋(大悦城店),2875条评价,￥18,冰淇淋,东中街,https://www.dianping.com/shop/l82xbWBaUUgBSanO,https://img.meituan.net/content/5da0ad18e45d732653c64ff4c578cf33164900.jpg%40340w_255h_1e_1c_1l%7Cwatermark%3D0,4.0
GaUWpoHpbjJ01tIz,野人先生现做冰淇淋(沈阳皇姑万象汇店),261条评价,￥29,冰淇淋,鸭绿江街,https://www.dianping.com/shop/GaUWpoHpbjJ01tIz,https://img.meituan.net/content/ae3d61e7b5dc745212b7bc37bc12c0ab104124.png%40340w_255h_1e_1c_1l%7Cwatermark%3D0,4.0
l1i59Qyr25AKzIKO,意大利手工冰淇淋gelato,16条评价,￥31,冰淇淋,东中街,https://www.dianping.com/shop/l1i59Qyr25AKzIKO,http://p0.meituan.net/poipicadd/65f107b9e0b1e0c28e163626a582faa1411925.jpg%40340w_255h_1e_1c_1l%7Cwatermark%3D0,3.5
k3gPi7c8kU7MZssK,egg² lab 甜品店,225条评价,￥54,甜品,南市/马路湾,https://www.dianping.com/shop/k3gPi7c8kU7MZssK,https://p0.meituan.net/biztone/a17f5b9a1602d2a2402b4a75e3c64ef5689112.jpg%40340w_255h_1e_1c_1l%7Cwatermark%3D0,5.0
k7KvZknUDcA8YnBL,野兽学家(太原街万达店),172条评价,￥20,冰淇淋,太原街,https://www.dianping.com/shop/k7KvZknUDcA8YnBL,https://p0.meituan.net/biztone/b9969c494eb80438e6937b2a0104143475263.jpg%40340w_255h_1e_1c_1l%7Cwatermark%3D0,4.0
H1M2inUnRxzxyt5V,中街冰点(星兔店),7393条评价,￥21,冰淇淋,中街/故宫,https://www.dianping.com/shop/H1M2inUnRxzxyt5V,https://img.meituan.net/msmerchant/cffb6fa7a4cffc1834b6771a07991af431540.jpg%40340w_255h_1e_1c_1l%7Cwatermark%3D0,4.0
H8HRrXsO8h5gA1De,吕三吉,89条评价,￥23,茶饮果汁,东中街,https://www.dianping.com/shop/H8HRrXsO8h5gA1De,https://img.meituan.net/content/7c07c778fb3e4bbe4aee426dba17216f136158.jpg%40340w_255h_1e_1c_1l%7Cwatermark%3D0,4.0
H2xoxbQFV1OjAATL,Oink cake gelato,71条评价,￥34,冰淇淋,南市/马路湾,https://www.dianping.com/shop/H2xoxbQFV1OjAATL,https://p0.meituan.net/poiugc/9851c4e39606020afd4e1c4828cb97142861247.png%40340w_255h_1e_1c_1l%7Cwatermark%3D0,4.5
G3ASEkwWkmlhWGTO,哈根达斯(万象汇店),1057条评价,￥60,冰淇淋,铁西广场,https://www.dianping.com/shop/G3ASEkwWkmlhWGTO,https://p0.meituan.net/biztone/6b737092df5ed84203c0c361dbe3cff2631778.jpg%40340w_255h_1e_1c_1l%7Cwatermark%3D0,4.0
H48dEhuwTZEN4mzU,luneurs月乐诗(万象城),75条评价,￥35,冰淇淋,彩电塔,https://www.dianping.com/shop/H48dEhuwTZEN4mzU,http://p1.meituan.net/poipicadd/2f14b723c5e93ee765603fb07be2d9a4658458.jpg%40340w_255h_1e_1c_1l%7Cwatermark%3D0,4.0
k76LE5hxSGlAcCkP,德氏制冰厂·鲜奶茶·鲜果茶·冰淇淋,185条评价,￥11,茶饮果汁,长青街,https://www.dianping.com/shop/k76LE5hxSGlAcCkP,https://img.meituan.net/content/8722cd2b3d6409d0fe9ed2c58a72ac82815578.png%40340w_255h_1e_1c_1l%7Cwatermark%3D0,4.5
G7a9Zv83nGWUEOT5,% Arabica阿拉比卡咖啡(万象城店),2943条评价,￥47,咖啡厅,五里河,https://www.dianping.com/shop/G7a9Zv83nGWUEOT5,http://p0.meituan.net/biztone/189756977_1706247050347.jpeg%40340w_255h_1e_1c_1l%7Cwatermark%3D0,4.5
H9yhhjtATLmlAqgh,北极熊来福(长白万象汇店),212条评价,￥46,甜品,长白岛,https://www.dianping.com/shop/H9yhhjtATLmlAqgh,http://p1.meituan.net/biztone/747940926_1707030872422.jpeg%40340w_255h_1e_1c_1l%7Cwatermark%3D0,4.5
G99ZRTgrWQNPwtJ3,淇淋小馆(青年大街店),47条评价,￥19,甜品,青年大街,https://www.dianping.com/shop/G99ZRTgrWQNPwtJ3,http://p1.meituan.net/merchant/4b436c70fe0c53566fce1553da88d9ee61387.jpg%40340w_255h_1e_1c_1l%7Cwatermark%3D0,4.0
G6t0zPCKqgDxn9Ue,haki haki,46条评价,￥11,冰淇淋,东中街,https://www.dianping.com/shop/G6t0zPCKqgDxn9Ue,http://p0.meituan.net/merchant/1192bcde380bef0674f25178635d7d96265053.jpg%40340w_255h_1e_1c_1l%7Cwatermark%3D0,3.0
G4ea4nwPbEnJg03g,酥山觅,11条评价,￥26,冰淇淋,三台子,https://www.dianping.com/shop/G4ea4nwPbEnJg03g,http://p0.meituan.net/poipicadd/2d6cc8957e11389ec36e0ae3407be311217438.jpg%40340w_255h_1e_1c_1l%7Cwatermark%3D0,3.5
H87WyrT58cTPojwP,肯德基(杉杉奥莱店),25条评价,￥28,西式快餐,铁西区,https://www.dianping.com/shop/H87WyrT58cTPojwP,http://p0.meituan.net/biztone/1454822468_1681525004008.jpeg%40340w_255h_1e_1c_1l%7Cwatermark%3D0,3.5
l7h5D1T70evN9gr9,Marry gelato·麻里,111条评价,￥32,冰淇淋,南市/马路湾,https://www.dianping.com/shop/l7h5D1T70evN9gr9,http://p0.meituan.net/poipicadd/c578be8335e10214a00157243d857a1f487335.jpg%40340w_255h_1e_1c_1l%7Cwatermark%3D0,4.0
H8J7QAaVZvmjSEsg,DQ·蛋糕·冰淇淋(盛京大奥莱店),273条评价,￥21,冰淇淋,奥体中心,https://www.dianping.com/shop/H8J7QAaVZvmjSEsg,https://img.meituan.net/content/5da0ad18e45d732653c64ff4c578cf33164900.jpg%40340w_255h_1e_1c_1l%7Cwatermark%3D0,4.5
l6ZrOda9bHCkYoM9,鲜博士乳品创意lab(中街店),1376条评价,￥16,饮品店,东中街,https://www.dianping.com/shop/l6ZrOda9bHCkYoM9,http://p0.meituan.net/merchant/10267f71cc530164e5e1be3c2be6839f203757.jpg%40340w_255h_1e_1c_1l%7Cwatermark%3D0,4.0
G4eaNQNAdDECCnuq,野人先生现做冰淇淋(沈阳三台子万象汇店),464条评价,￥29,冰淇淋,三台子,https://www.dianping.com/shop/G4eaNQNAdDECCnuq,https://img.meituan.net/content/ae3d61e7b5dc745212b7bc37bc12c0ab104124.png%40340w_255h_1e_1c_1l%7Cwatermark%3D0,4.0
F8ZUXBd445vMk2Zp,西岱左岸,28条评价,￥17,饮品店,浑南新区,https://www.dianping.com/shop/F8ZUXBd445vMk2Zp,http://p0.meituan.net/poipicadd/8bfba2585efbfd9851cd292fffb8c8b8479539.jpg%40340w_255h_1e_1c_1l%7Cwatermark%3D0,3.5
k62RRBYvPIP5G6cd,玲婧胡同·Cake·Kitchen(万象城店),882条评价,￥100,西餐,彩电塔,https://www.dianping.com/shop/k62RRBYvPIP5G6cd,http://p0.meituan.net/merchant/92136bb9118421666db0032def866bef411424.jpg%40340w_255h_1e_1c_1l%7Cwatermark%3D0,5.0
H4mpztYfvxHJyIkC,牛奶工坊,142条评价,￥31,甜品,浑南新区,https://www.dianping.com/shop/H4mpztYfvxHJyIkC,http://p0.meituan.net/poipicadd/88d01a675936c1bc616b309229890d5a228151.jpg%40340w_255h_1e_1c_1l%7Cwatermark%3D0,3.5
H605FWY5kesPDkrg,碰碰凉(沈北吾悦店),471条评价,￥14,冰淇淋,道义,https://www.dianping.com/shop/H605FWY5kesPDkrg,https://p0.meituan.net/biztone/5e10c93795213ef1f1eff35eb954a13b351780.jpg%40340w_255h_1e_1c_1l%7Cwatermark%3D0,4.0
H5yoXJUgqHLNWCB6,淇淋小馆,57条评价,￥10,冰淇淋,铁西广场,https://www.dianping.com/shop/H5yoXJUgqHLNWCB6,http://p1.meituan.net/merchant/c9be0b3c4858bfb4fe4cf6462f22582a1057601.jpg%40340w_255h_1e_1c_1l%7Cwatermark%3D0,3.5
H401wHa2sagxtlmU,肯德基(大悦城D馆店),772条评价,￥34,西式快餐,东中街,https://www.dianping.com/shop/H401wHa2sagxtlmU,https://img.meituan.net/content/0e35568513be996f4b936df7a92307de114434.jpg%40340w_255h_1e_1c_1l%7Cwatermark%3D0,4.0
G3bviH9SwhYtM4XV,fufuland·生乳舒芙蕾(沈阳·万象汇店),470条评价,￥23,甜品,铁西广场,https://www.dianping.com/shop/G3bviH9SwhYtM4XV,https://img.meituan.net/content/847feadb7537e6f39e3c884213337acb101853.jpg%40340w_255h_1e_1c_1l%7Cwatermark%3D0,4.0
H4jeWbPIyNMkX7Xv,肯德基(长白万象汇店),283条评价,￥30,西式快餐,长白岛,https://www.dianping.com/shop/H4jeWbPIyNMkX7Xv,https://img.meituan.net/content/0e35568513be996f4b936df7a92307de114434.jpg%40340w_255h_1e_1c_1l%7Cwatermark%3D0,4.0
H3PeDArr61uUTO7D,肯德基(崇山东路店),206条评价,￥27,西式快餐,陵东,https://www.dianping.com/shop/H3PeDArr61uUTO7D,https://img.meituan.net/content/0e35568513be996f4b936df7a92307de114434.jpg%40340w_255h_1e_1c_1l%7Cwatermark%3D0,3.5
G9hIxwrZZmRH7KHO,PAPI BAR,241条评价,￥110,综合清吧,南市/马路湾,https://www.dianping.com/shop/G9hIxwrZZmRH7KHO,http://p1.meituan.net/dpmerchantpic/c9cf4e73b99d44f703eea61f959d456714390.jpg%40340w_255h_1e_1c_1l%7Cwatermark%3D0,4.5
H977ckGCyNFu7TZp,高力乐ice gorilla(韩百店),1284条评价,￥20,冰淇淋,西塔/北市场,https://www.dianping.com/shop/H977ckGCyNFu7TZp,http://p1.meituan.net/biztone/1479741245_1632512099626.jpeg%40340w_255h_1e_1c_1l%7Cwatermark%3D0,4.0
G9bgmbKh5oMzeijm,三毛冷饮(药王庙路店),829条评价,￥12,冰淇淋,奉天街沿线,https://www.dianping.com/shop/G9bgmbKh5oMzeijm,http://p0.meituan.net/merchant/56ae07eaa7aab68174fa049a61c8a53a55307.jpg%40340w_255h_1e_1c_1l%7Cwatermark%3D0,4.5
l5kPpPyk5ThqqEnx,BEANHOUSE豆之屋(长白万象汇店),246条评价,￥15,冰淇淋,长白岛,https://www.dianping.com/shop/l5kPpPyk5ThqqEnx,https://img.meituan.net/content/3ab8d1d5d088e34ce06339fbf19f2efa720981.png%40340w_255h_1e_1c_1l%7Cwatermark%3D0,5.0
l6Mjg5UiGNDCuN5s,哈根达斯(大悦城新店),1306条评价,￥61,冰淇淋,东中街,https://www.dianping.com/shop/l6Mjg5UiGNDCuN5s,https://p0.meituan.net/biztone/6b737092df5ed84203c0c361dbe3cff2631778.jpg%40340w_255h_1e_1c_1l%7Cwatermark%3D0,4.0
H2V6z6tiwC16LxuM,无印良品咖啡Café MUJI(中街大悦城店),158条评价,￥28,咖啡厅,东中街,https://www.dianping.com/shop/H2V6z6tiwC16LxuM,https://img.meituan.net/content/d89ea119d8899a14f5b3f4b99ce625cd26656.jpg%40340w_255h_1e_1c_1l%7Cwatermark%3D0,4.0
kah88ZWXg5ngOvbF,DQ·蛋糕·冰淇淋(杉杉奥莱店),791条评价,￥20,冰淇淋,铁西区,https://www.dianping.com/shop/kah88ZWXg5ngOvbF,https://img.meituan.net/content/5da0ad18e45d732653c64ff4c578cf33164900.jpg%40340w_255h_1e_1c_1l%7Cwatermark%3D0,4.5
l6eU4ErKR2SYLlhD,碰碰凉(中山公园店),1711条评价,￥18,冰淇淋,太原街,https://www.dianping.com/shop/l6eU4ErKR2SYLlhD,https://p0.meituan.net/biztone/5e10c93795213ef1f1eff35eb954a13b351780.jpg%40340w_255h_1e_1c_1l%7Cwatermark%3D0,4.0
H9uZhz8bN9WeYc3j,am.冻酸奶(星摩尔购物中心店),1561条评价,￥16,冰淇淋,北二路,https://www.dianping.com/shop/H9uZhz8bN9WeYc3j,http://p1.meituan.net/merchant/f3b63a6650cf06b6aa31e04dbfb313e4218598.png%40340w_255h_1e_1c_1l%7Cwatermark%3D0,4.0
l43s1sRF06XUHQTp,麦当劳(万象汇店),942条评价,￥27,西式快餐,铁西广场,https://www.dianping.com/shop/l43s1sRF06XUHQTp,https://img.meituan.net/content/641681971035e5f101fce48348cad9dc164377.jpg%40340w_255h_1e_1c_1l%7Cwatermark%3D0,4.0
HaJXqZqyJc0thDe3,肯德基(铁西广场店),1050条评价,￥37,西式快餐,铁西广场,https://www.dianping.com/shop/HaJXqZqyJc0thDe3,https://img.meituan.net/content/0e35568513be996f4b936df7a92307de114434.jpg%40340w_255h_1e_1c_1l%7Cwatermark%3D0,4.0
l1L865pla8xg3tnH,肯德基(新万象城店),1458条评价,￥33,西式快餐,五里河,https://www.dianping.com/shop/l1L865pla8xg3tnH,https://img.meituan.net/content/0e35568513be996f4b936df7a92307de114434.jpg%40340w_255h_1e_1c_1l%7Cwatermark%3D0,4.0
l5pmQYASxUtxDKFm,野人牧坊(沈阳铁西万象汇店),737条评价,￥28,冰淇淋,铁西广场,https://www.dianping.com/shop/l5pmQYASxUtxDKFm,https://img.meituan.net/content/ae3d61e7b5dc745212b7bc37bc12c0ab104124.png%40340w_255h_1e_1c_1l%7Cwatermark%3D0,4.0
l5IUUam0JIqQGcaP,金淇淋雪糕智选店,92条评价,￥39,冰淇淋,沈阳理工大学,https://www.dianping.com/shop/l5IUUam0JIqQGcaP,http://p0.meituan.net/merchant/ff7b15ef510132b7199390f1a0477c8f69658.jpg%40340w_255h_1e_1c_1l%7Cwatermark%3D0,4.0
H4nVPIYK3Bvilz5s,麦当劳(兴华南街店),796条评价,￥28,西式快餐,沈辽路万达,https://www.dianping.com/shop/H4nVPIYK3Bvilz5s,https://img.meituan.net/content/641681971035e5f101fce48348cad9dc164377.jpg%40340w_255h_1e_1c_1l%7Cwatermark%3D0,4.0
H9BJCSDFx3cKnpeg,PANPANROLL,1400条评价,￥43,甜品,南市/马路湾,https://www.dianping.com/shop/H9BJCSDFx3cKnpeg,https://p0.meituan.net/biztone/6fd6c68f07ab46cdcad1ec648b3a2df5169140.jpg%40340w_255h_1e_1c_1l%7Cwatermark%3D0,4.5
l3MsxbURO0I3ApQl,FatFace Cafe(和平店),939条评价,￥32,咖啡厅,南湖公园/三好街,https://www.dianping.com/shop/l3MsxbURO0I3ApQl,https://img.meituan.net/msmerchant/4991d69302b608745187d13f91cd8b5c15377.jpg%40340w_255h_1e_1c_1l%7Cwatermark%3D0,5.0
l9XvTsQ26BXbJKuv,肯德基(翟家店),571条评价,￥33,西式快餐,财富广场,https://www.dianping.com/shop/l9XvTsQ26BXbJKuv,https://img.meituan.net/content/0e35568513be996f4b936df7a92307de114434.jpg%40340w_255h_1e_1c_1l%7Cwatermark%3D0,4.0
l6JdCuHX3iHH6rWP,DQ·蛋糕·冰淇淋(沈北吾悦店),381条评价,￥23,冰淇淋,道义商圈,https://www.dianping.com/shop/l6JdCuHX3iHH6rWP,https://img.meituan.net/content/5da0ad18e45d732653c64ff4c578cf33164900.jpg%40340w_255h_1e_1c_1l%7Cwatermark%3D0,4.5
k2Hf1lPHOfviimJJ,好利来(中街店),3176条评价,￥36,面包烘焙,中街/故宫,https://www.dianping.com/shop/k2Hf1lPHOfviimJJ,http://p0.meituan.net/bbia/2036fc6bd9838ae9acd432d01588e9ea118411.jpg%40340w_255h_1e_1c_1l%7Cwatermark%3D0,4.0
H18ApiVRVw4ieNn9,碰碰凉(沈阳龙之梦负一层店),119条评价,￥14,冰淇淋,龙之梦,https://www.dianping.com/shop/H18ApiVRVw4ieNn9,https://p0.meituan.net/biztone/5e10c93795213ef1f1eff35eb954a13b351780.jpg%40340w_255h_1e_1c_1l%7Cwatermark%3D0,4.0
l39BfEuAYqdtHtWl,nama cocoa 纳摩可可(沈阳铁西万象汇店),158条评价,￥33,甜品,铁西广场,https://www.dianping.com/shop/l39BfEuAYqdtHtWl,http://p0.meituan.net/biztone/1f4ff1541d60349b6e71dcaf42d9684c667136.jpg%40340w_255h_1e_1c_1l%7Cwatermark%3D0,4.0
G8QuzymRsXoYMBdu,肯德基(K11店),571条评价,￥30,西式快餐,浑南新区,https://www.dianping.com/shop/G8QuzymRsXoYMBdu,https://img.meituan.net/content/0e35568513be996f4b936df7a92307de114434.jpg%40340w_255h_1e_1c_1l%7Cwatermark%3D0,4.0
H6KXMZeuJcTUYMLW,9 AM yogurt希腊酸奶,42条评价,￥23,酸奶,中街/故宫,https://www.dianping.com/shop/H6KXMZeuJcTUYMLW,https://p0.meituan.net/biztone/105efa1b8f06e40c2fd2ba2cbc8700fb47279.jpg%40340w_255h_1e_1c_1l%7Cwatermark%3D0,4.0
l887LMGIZdzVWyz8,肯德基(龙之梦大都汇店),427条评价,￥29,西式快餐,龙之梦大都汇,https://www.dianping.com/shop/l887LMGIZdzVWyz8,https://img.meituan.net/content/0e35568513be996f4b936df7a92307de114434.jpg%40340w_255h_1e_1c_1l%7Cwatermark%3D0,4.0
H9OXDDMLpR514jXK,am.冻酸奶(市府恒隆广场店),1054条评价,￥16,冰淇淋,北站/市府,https://www.dianping.com/shop/H9OXDDMLpR514jXK,http://p1.meituan.net/merchant/f3b63a6650cf06b6aa31e04dbfb313e4218598.png%40340w_255h_1e_1c_1l%7Cwatermark%3D0,4.0
k6n5DVK0r4ADHuDq,北国八千里(沈阳中街路店),441条评价,￥21,酸奶,中街/故宫,https://www.dianping.com/shop/k6n5DVK0r4ADHuDq,https://img.meituan.net/content/00be2d5191915c683f97841dd6b1d3d338673.jpg%40340w_255h_1e_1c_1l%7Cwatermark%3D0,4.0
G615Yo3t5O1tzCAU,中街冰点(星蝶店),225条评价,￥21,冰淇淋,中街/故宫,https://www.dianping.com/shop/G615Yo3t5O1tzCAU,http://p0.meituan.net/poipicadd/d6213f85edc978964b0c96dc80492231616533.jpg%40340w_255h_1e_1c_1l%7Cwatermark%3D0,4.0
jl6TNu2ZKsQyREOB,% Arabica阿拉比卡咖啡(皇城恒隆店),662条评价,￥52,咖啡厅,中街/故宫,https://www.dianping.com/shop/jl6TNu2ZKsQyREOB,http://p0.meituan.net/biztone/189756977_1706247050347.jpeg%40340w_255h_1e_1c_1l%7Cwatermark%3D0,4.0
k98qW8LbpmFtMrDe,LE MATIN乐甜(三台子万象汇店),610条评价,￥44,甜品,三台子,https://www.dianping.com/shop/k98qW8LbpmFtMrDe,https://p0.meituan.net/biztone/bc506adb86381bdf812916f2f2c12618327463.jpg%40340w_255h_1e_1c_1l%7Cwatermark%3D0,4.0
G4aV4fxD73KZau7q,Mon snail(蜗牛甜品),285条评价,￥44,甜品,南市/马路湾,https://www.dianping.com/shop/G4aV4fxD73KZau7q,http://p1.meituan.net/merchant/eb68323df66bb425d73817bf3cb86eac77755.jpg%40340w_255h_1e_1c_1l%7Cwatermark%3D0,4.5
GaKmZnumIipBgBTg,DQ·蛋糕·冰淇淋(印象城店),1101条评价,￥20,冰淇淋,太原街,https://www.dianping.com/shop/GaKmZnumIipBgBTg,https://img.meituan.net/content/5da0ad18e45d732653c64ff4c578cf33164900.jpg%40340w_255h_1e_1c_1l%7Cwatermark%3D0,4.5
l46WtXOJiYpy9NGL,哈根达斯(皇城恒隆广场店),1236条评价,￥62,冰淇淋,中街/故宫,https://www.dianping.com/shop/l46WtXOJiYpy9NGL,https://p0.meituan.net/biztone/6b737092df5ed84203c0c361dbe3cff2631778.jpg%40340w_255h_1e_1c_1l%7Cwatermark%3D0,4.0
l4i4s5XX7HBHu2dl,DQ·蛋糕·冰淇淋(沈阳沈辽路万达店),335条评价,￥23,冰淇淋,沈辽路万达,https://www.dianping.com/shop/l4i4s5XX7HBHu2dl,https://img.meituan.net/content/5da0ad18e45d732653c64ff4c578cf33164900.jpg%40340w_255h_1e_1c_1l%7Cwatermark%3D0,4.0
H3h61PPCW0ge4D9o,思密达雪冰(印象城店),587条评价,￥19,茶饮果汁,太原街,https://www.dianping.com/shop/H3h61PPCW0ge4D9o,https://p0.meituan.net/biztone/b9fc04f6e0b3903cc7c2577b947636c8508101.jpg%40340w_255h_1e_1c_1l%7Cwatermark%3D0,3.5
Fg95XVmRDev2RIgg,DQ·蛋糕·冰淇淋(龙之梦大都汇店),2897条评价,￥19,冰淇淋,龙之梦大都汇,https://www.dianping.com/shop/Fg95XVmRDev2RIgg,https://img.meituan.net/content/5da0ad18e45d732653c64ff4c578cf33164900.jpg%40340w_255h_1e_1c_1l%7Cwatermark%3D0,4.0
kasjzrxsqpg59E1c,肯德基(嘉里城店),292条评价,￥27,西式快餐,五里河,https://www.dianping.com/shop/kasjzrxsqpg59E1c,https://img.meituan.net/content/0e35568513be996f4b936df7a92307de114434.jpg%40340w_255h_1e_1c_1l%7Cwatermark%3D0,4.0
l3vBAUkyjZWHDKJ8,好利来(上亿广场店),107条评价,￥36,面包烘焙,浑南新区,https://www.dianping.com/shop/l3vBAUkyjZWHDKJ8,http://p0.meituan.net/bbia/2036fc6bd9838ae9acd432d01588e9ea118411.jpg%40340w_255h_1e_1c_1l%7Cwatermark%3D0,4.0
l8al75802WWbWPUa,不老林糖潮饮店(铁西万象汇店),653条评价,￥19,茶饮果汁,铁西广场,https://www.dianping.com/shop/l8al75802WWbWPUa,http://p0.meituan.net/biztone/1356633549_1666839004327.jpeg%40340w_255h_1e_1c_1l%7Cwatermark%3D0,4.0
G5Y8cQllIXMhS9Io,DQ·蛋糕·冰淇淋(沈阳积家店),336条评价,￥24,冰淇淋,正良,https://www.dianping.com/shop/G5Y8cQllIXMhS9Io,https://img.meituan.net/content/5da0ad18e45d732653c64ff4c578cf33164900.jpg%40340w_255h_1e_1c_1l%7Cwatermark%3D0,4.0
G8D7hgH1hV6UVq60,lionterest·林溪间,366条评价,￥57,茶馆,南市/马路湾,https://www.dianping.com/shop/G8D7hgH1hV6UVq60,http://p0.meituan.net/dpmerchantpic/e082aa02c254194b94e1d2f6edf50994268079.jpg%40340w_255h_1e_1c_1l%7Cwatermark%3D0,5.0
G9EEINiIn1TI3V02,SUSU·CAKE(红梅文创园店),822条评价,￥30,面包烘焙,保工街,https://www.dianping.com/shop/G9EEINiIn1TI3V02,http://p0.meituan.net/merchant/061cf06103a277cd2501ec7a8482cbec890569.jpg%40340w_255h_1e_1c_1l%7Cwatermark%3D0,4.5
k5J5zTIY2XL5LzQP,乐雪艾斯牛乳冰淇淋(沈北万达店),97条评价,￥14,冰淇淋,沈阳师范大学,https://www.dianping.com/shop/k5J5zTIY2XL5LzQP,http://p0.meituan.net/merchant/cab1179d47cf1c4b0e286b1d346b0eb6219462.jpg%40340w_255h_1e_1c_1l%7Cwatermark%3D0,4.0
k3i7BbBSOu8Q8n2X,米旗(杉杉奥莱店),29条评价,￥35,面包烘焙,铁西区,https://www.dianping.com/shop/k3i7BbBSOu8Q8n2X,https://img.meituan.net/content/1faf462c44272d28bc436c9910174e7a112537.png%40340w_255h_1e_1c_1l%7Cwatermark%3D0,3.5
G5z5KQigf0hI6ujf,DQ·蛋糕·冰淇淋(北一路万达店),415条评价,￥20,冰淇淋,北一路万达,https://www.dianping.com/shop/G5z5KQigf0hI6ujf,https://img.meituan.net/content/5da0ad18e45d732653c64ff4c578cf33164900.jpg%40340w_255h_1e_1c_1l%7Cwatermark%3D0,4.5
G7G1fXr85QbONcBF,DQ·蛋糕·冰淇淋(沈阳汪河路店),694条评价,￥19,冰淇淋,碧桂园银河城,https://www.dianping.com/shop/G7G1fXr85QbONcBF,https://img.meituan.net/content/5da0ad18e45d732653c64ff4c578cf33164900.jpg%40340w_255h_1e_1c_1l%7Cwatermark%3D0,4.5
k9e0Gr2n1pb3pTdP,黑天鹅蛋糕店(青年大街店),1253条评价,￥257,面包烘焙,五里河,https://www.dianping.com/shop/k9e0Gr2n1pb3pTdP,https://img.meituan.net/msmerchant/a4774a46a8b5def779d31daa0b2f649a294131.jpg%40340w_255h_1e_1c_1l%7Cwatermark%3D0,4.5
G53nQZFOOWadnXoW,Nice·奶思希腊冷萃酸奶(长青店),16条评价,￥28,冰淇淋,沈阳建筑大学,https://www.dianping.com/shop/G53nQZFOOWadnXoW,https://p0.meituan.net/biztone/f506247cccfe373afc55dadc88f75243106663.jpg%40340w_255h_1e_1c_1l%7Cwatermark%3D0,4.0
H7S19F7VZIIhkUFu,肯德基(沈北吾悦店),108条评价,￥32,西式快餐,道义商圈,https://www.dianping.com/shop/H7S19F7VZIIhkUFu,https://img.meituan.net/content/0e35568513be996f4b936df7a92307de114434.jpg%40340w_255h_1e_1c_1l%7Cwatermark%3D0,4.0
G5lI6AqGTiaey4kw,老东北冰菓厂,18条评价,￥8,冰淇淋,北站/市府,https://www.dianping.com/shop/G5lI6AqGTiaey4kw,https://p0.meituan.net/biztone/17513ff2e0ceb6173fb75d05c28cae80959262.jpg%40340w_255h_1e_1c_1l%7Cwatermark%3D0,3.5
k5RIMFoTLH6iPD9F,DQ(沈阳龙之梦店),177条评价,￥20,冰淇淋,龙之梦,https://www.dianping.com/shop/k5RIMFoTLH6iPD9F,https://img.meituan.net/content/5da0ad18e45d732653c64ff4c578cf33164900.jpg%40340w_255h_1e_1c_1l%7Cwatermark%3D0,4.0
latqZxWVpSBAGX4o,日晒七里 RiShine Miles(红梅贝果店),483条评价,￥42,面包烘焙,龙之梦大都汇,https://www.dianping.com/shop/latqZxWVpSBAGX4o,https://img.meituan.net/content/48f67bfcf74aeb7e964af8fb0587f01596826.png%40340w_255h_1e_1c_1l%7Cwatermark%3D0,4.0
H3bvpUio3s6UGqcl,茶上阙·新中式茶馆(中街大悦城店),337条评价,￥41,茶饮果汁,东中街,https://www.dianping.com/shop/H3bvpUio3s6UGqcl,https://p0.meituan.net/biztone/6f1b5a671354fd6791262405aee75c8a292092.jpg%40340w_255h_1e_1c_1l%7Cwatermark%3D0,4.5
l3UTuoTJRuaa26m3,DQ·蛋糕·冰淇淋(太原街万达店),1268条评价,￥22,冰淇淋,太原街,https://www.dianping.com/shop/l3UTuoTJRuaa26m3,https://img.meituan.net/content/5da0ad18e45d732653c64ff4c578cf33164900.jpg%40340w_255h_1e_1c_1l%7Cwatermark%3D0,4.5
kazOaOi9rDy3iz9r,牧场能量(盛京大奥莱店),157条评价,￥10,茶饮果汁,奥体中心,https://www.dianping.com/shop/kazOaOi9rDy3iz9r,https://img.meituan.net/content/a57bb0a3cdaaf7fa5f02c22cd3b5ac52130454.jpg%40340w_255h_1e_1c_1l%7Cwatermark%3D0,4.0
H7u6OU1bDAwS5kJ6,满记甜品(中街恒隆店),1304条评价,￥44,甜品,中街/故宫,https://www.dianping.com/shop/H7u6OU1bDAwS5kJ6,https://p0.meituan.net/biztone/ed1aa032953a0e3ade8691f58a477910675189.jpg%40340w_255h_1e_1c_1l%7Cwatermark%3D0,4.0
G3asEO0LccAVMwPU,DQ·蛋糕·冰淇淋(沈阳天地店),246条评价,￥21,冰淇淋,龙江广场,https://www.dianping.com/shop/G3asEO0LccAVMwPU,https://img.meituan.net/content/5da0ad18e45d732653c64ff4c578cf33164900.jpg%40340w_255h_1e_1c_1l%7Cwatermark%3D0,4.0
k61bqNOfXh5Uc8Rd,鲜博士乳品创意lab(沈北吾悦店),135条评价,￥15,茶饮果汁,道义商圈,https://www.dianping.com/shop/k61bqNOfXh5Uc8Rd,https://p0.meituan.net/biztone/bd3dc92b3438fe6d04d2b91e28430ee743877.jpg%40340w_255h_1e_1c_1l%7Cwatermark%3D0,4.5
H9dJbu82Mnz23Bei,KUMO KUMO(沈阳铁西星摩尔购物广场店),112条评价,￥40,甜品,星摩尔,https://www.dianping.com/shop/H9dJbu82Mnz23Bei,https://img.meituan.net/content/f623b0c40851651151a55b8413b74270168068.jpg%40340w_255h_1e_1c_1l%7Cwatermark%3D0,4.0
k1XrNNsQonSQrPEX,沈阳老冰糕(珠紫社区店),96条评价,￥11,冰淇淋,中街/故宫,https://www.dianping.com/shop/k1XrNNsQonSQrPEX,http://qcloud.dpfile.com/pc/9f2oxDzE7rD3scshTZ0TsaTwmj0Tu0aGIYiz3e82gadLIGuYoHJqltiHLlWgX5gAbKcq9vnEaGy3xLEf-_v_oA.jpg,4.0
H70dUz4lMHdWx7JF,M COFFEE BAR(文安路店),1417条评价,￥144,西餐,南湖公园/三好街,https://www.dianping.com/shop/H70dUz4lMHdWx7JF,https://img.meituan.net/content/e1222ad49bed063c187cc07f8d2217a3707437.png%40340w_255h_1e_1c_1l%7Cwatermark%3D0,5.0
k9UdPAtwuLaU9Aio,麦当劳(大悦城店),1485条评价,￥26,西式快餐,东中街,https://www.dianping.com/shop/k9UdPAtwuLaU9Aio,https://img.meituan.net/content/641681971035e5f101fce48348cad9dc164377.jpg%40340w_255h_1e_1c_1l%7Cwatermark%3D0,4.0
laoFqBenvCUklCVe,DQ·蛋糕·冰淇淋(中兴店),2531条评价,￥20,冰淇淋,太原街,https://www.dianping.com/shop/laoFqBenvCUklCVe,https://img.meituan.net/content/5da0ad18e45d732653c64ff4c578cf33164900.jpg%40340w_255h_1e_1c_1l%7Cwatermark%3D0,4.0
k5JE5L5n8PLGYUa4,麦当劳(龙之梦购物中心店),885条评价,￥22,西式快餐,龙之梦,https://www.dianping.com/shop/k5JE5L5n8PLGYUa4,https://img.meituan.net/content/641681971035e5f101fce48348cad9dc164377.jpg%40340w_255h_1e_1c_1l%7Cwatermark%3D0,4.0
G7CO4EsjuvqGUFoD,DQ·蛋糕·冰淇淋(尚柏奥莱店),654条评价,￥20,冰淇淋,虎石台,https://www.dianping.com/shop/G7CO4EsjuvqGUFoD,https://img.meituan.net/content/5da0ad18e45d732653c64ff4c578cf33164900.jpg%40340w_255h_1e_1c_1l%7Cwatermark%3D0,4.5
H31jJb5zxML0ZGu0,碰碰凉(星摩尔店),279条评价,￥14,冰淇淋,北二路,https://www.dianping.com/shop/H31jJb5zxML0ZGu0,https://p0.meituan.net/biztone/5e10c93795213ef1f1eff35eb954a13b351780.jpg%40340w_255h_1e_1c_1l%7Cwatermark%3D0,4.0
H9MYnzFg5tZQoawl,DQ·蛋糕·冰淇淋(沈阳中街吾悦店),165条评价,￥18,冰淇淋,东中街,https://www.dianping.com/shop/H9MYnzFg5tZQoawl,https://img.meituan.net/content/5da0ad18e45d732653c64ff4c578cf33164900.jpg%40340w_255h_1e_1c_1l%7Cwatermark%3D0,4.0
l880VgthoHGgDWik,DQ·蛋糕·冰淇淋(沈阳鹿特丹店),316条评价,￥21,冰淇淋,长白岛,https://www.dianping.com/shop/l880VgthoHGgDWik,https://img.meituan.net/content/5da0ad18e45d732653c64ff4c578cf33164900.jpg%40340w_255h_1e_1c_1l%7Cwatermark%3D0,4.5
G3eGcnZIlZiCxjli,Trinity,168条评价,￥132,西餐,南市/马路湾,https://www.dianping.com/shop/G3eGcnZIlZiCxjli,http://p0.meituan.net/biztone/1435194145_1702960328243.jpeg%40340w_255h_1e_1c_1l%7Cwatermark%3D0,4.5
jklFZ9oBS5DeC0RH,ROIIN用心(沈阳万象城店),5275条评价,￥120,西餐,彩电塔,https://www.dianping.com/shop/jklFZ9oBS5DeC0RH,https://img.meituan.net/content/18a98ce1282a146c70c2fd2fa32253c13360896.png%40340w_255h_1e_1c_1l%7Cwatermark%3D0,4.5
G9XpCxN8g9H50CQb,鲜芋仙(大悦城店),3356条评价,￥30,甜品,东中街,https://www.dianping.com/shop/G9XpCxN8g9H50CQb,https://img.meituan.net/content/ca01a1f49b30de39b665ff607dca823696377.jpg%40340w_255h_1e_1c_1l%7Cwatermark%3D0,3.5
F3PFarVMSy0ffsUw,满记甜品(中兴店),1127条评价,￥41,甜品,太原街,https://www.dianping.com/shop/F3PFarVMSy0ffsUw,https://p0.meituan.net/biztone/ed1aa032953a0e3ade8691f58a477910675189.jpg%40340w_255h_1e_1c_1l%7Cwatermark%3D0,4.0
l7WPxE2lm6GPHVds,碰碰凉(北行店),537条评价,￥18,冰淇淋,北行/辽大,https://www.dianping.com/shop/l7WPxE2lm6GPHVds,https://p0.meituan.net/biztone/5e10c93795213ef1f1eff35eb954a13b351780.jpg%40340w_255h_1e_1c_1l%7Cwatermark%3D0,4.0
H3kIZI3to3hIe5Gc,DQ·蛋糕·冰淇淋(中街店),2955条评价,￥20,冰淇淋,中街/故宫,https://www.dianping.com/shop/H3kIZI3to3hIe5Gc,https://img.meituan.net/content/5da0ad18e45d732653c64ff4c578cf33164900.jpg%40340w_255h_1e_1c_1l%7Cwatermark%3D0,4.0
l9JzlvCYSy2YlHdK,牧场能量(太原街店),101条评价,￥8,茶饮果汁,太原街,https://www.dianping.com/shop/l9JzlvCYSy2YlHdK,https://img.meituan.net/content/a57bb0a3cdaaf7fa5f02c22cd3b5ac52130454.jpg%40340w_255h_1e_1c_1l%7Cwatermark%3D0,4.0
l2FzzKGw19mO2Wuc,柠柠家•鲜果绵绵冰(铁西万象汇店),2153条评价,￥17,冰淇淋,铁西广场,https://www.dianping.com/shop/l2FzzKGw19mO2Wuc,https://img.meituan.net/content/5a31b4c4e54e28e72debee14283d947f22990.jpg%40340w_255h_1e_1c_1l%7Cwatermark%3D0,4.0
l6qzOCCz2MmlhN5T,麦当劳(青年大街佳兆业店),122条评价,￥30,西式快餐,五里河,https://www.dianping.com/shop/l6qzOCCz2MmlhN5T,https://img.meituan.net/content/641681971035e5f101fce48348cad9dc164377.jpg%40340w_255h_1e_1c_1l%7Cwatermark%3D0,3.5
G6ZUmRqiHlRoFhLU,DQ·蛋糕·冰淇淋(沈北万达店),391条评价,￥19,冰淇淋,沈阳师范大学,https://www.dianping.com/shop/G6ZUmRqiHlRoFhLU,https://img.meituan.net/content/5da0ad18e45d732653c64ff4c578cf33164900.jpg%40340w_255h_1e_1c_1l%7Cwatermark%3D0,4.0
H3t5KPBOe2cnKmTp,DQ·蛋糕·冰淇淋(星摩尔店),2389条评价,￥19,冰淇淋,北二路,https://www.dianping.com/shop/H3t5KPBOe2cnKmTp,https://img.meituan.net/content/5da0ad18e45d732653c64ff4c578cf33164900.jpg%40340w_255h_1e_1c_1l%7Cwatermark%3D0,4.5
la9otHzam3uIkpuk,如意盛京红点心局(商业城店),933条评价,￥25,面包烘焙,中街/故宫,https://www.dianping.com/shop/la9otHzam3uIkpuk,https://p0.meituan.net/biztone/d131205f595a96a709fdcab4640598ce450807.jpg%40340w_255h_1e_1c_1l%7Cwatermark%3D0,4.0
Ek7N75fWQZs1oiRI,碰碰凉(北海街店),1118条评价,￥18,冰淇淋,东站,https://www.dianping.com/shop/Ek7N75fWQZs1oiRI,https://p0.meituan.net/biztone/5e10c93795213ef1f1eff35eb954a13b351780.jpg%40340w_255h_1e_1c_1l%7Cwatermark%3D0,4.0
H4hR2fr3GRohZHgR,DQ·蛋糕·冰淇淋(沈阳东陵西路店),573条评价,￥14,冰淇淋,黎明广场,https://www.dianping.com/shop/H4hR2fr3GRohZHgR,https://img.meituan.net/content/5da0ad18e45d732653c64ff4c578cf33164900.jpg%40340w_255h_1e_1c_1l%7Cwatermark%3D0,4.5
l8aSuuSDg825ulaR,吐司太太·鲜造吐司(皇姑万象汇店),320条评价,￥31,面包烘焙,鸭绿江街,https://www.dianping.com/shop/l8aSuuSDg825ulaR,https://p0.meituan.net/biztone/87704666cede5926eacc0672e30c6712394395.jpg%40340w_255h_1e_1c_1l%7Cwatermark%3D0,4.0
k5bHbbEotYshe0ng,DQ·蛋糕·冰淇淋(欧亚长青城店),378条评价,￥17,冰淇淋,沈阳理工大学,https://www.dianping.com/shop/k5bHbbEotYshe0ng,https://img.meituan.net/content/5da0ad18e45d732653c64ff4c578cf33164900.jpg%40340w_255h_1e_1c_1l%7Cwatermark%3D0,4.5
l40crDEPpt0Efm2Q,茶上阙·新中式茶馆(长白万象汇店),146条评价,￥31,茶饮果汁,长白岛,https://www.dianping.com/shop/l40crDEPpt0Efm2Q,https://p0.meituan.net/biztone/6f1b5a671354fd6791262405aee75c8a292092.jpg%40340w_255h_1e_1c_1l%7Cwatermark%3D0,4.5
H45wSl1Kknn4LYDq,冰冰酱绵绵冰(西塔店),296条评价,￥20,冰淇淋,西塔/北市场,https://www.dianping.com/shop/H45wSl1Kknn4LYDq,https://img.meituan.net/content/7bfc62fb2da13de798b157038ac43519229330.png%40340w_255h_1e_1c_1l%7Cwatermark%3D0,4.0
k58ZxzWOvsVtZuWj,鲨鱼和蛋糕·烤巴斯克店,545条评价,￥158,甜品,青年大街,https://www.dianping.com/shop/k58ZxzWOvsVtZuWj,http://p0.meituan.net/biztone/1597265186_1657594272316.jpeg%40340w_255h_1e_1c_1l%7Cwatermark%3D0,5.0
H4ZeAhd8ltCmpuev,呆的住(优乐桃源里店),97条评价,￥34,咖啡厅,国奥现代城,https://www.dianping.com/shop/H4ZeAhd8ltCmpuev,http://p0.meituan.net/merchant/3b31b80f3b9e03717e16b1002dbbe4b1422524.jpg%40340w_255h_1e_1c_1l%7Cwatermark%3D0,4.0
G9QNlfCdKAfN8jxa,裕莲茶楼(沈阳万象城店),1190条评价,￥51,茶饮果汁,彩电塔,https://www.dianping.com/shop/G9QNlfCdKAfN8jxa,https://img.meituan.net/content/503a5f8ce131ec19bf639fce27e69ff290779.jpg%40340w_255h_1e_1c_1l%7Cwatermark%3D0,3.5
k4R7t6oSlZEL4Qx7,欢乐十八喜冰淇淋蛋糕店,-,￥0,面包烘焙,国奥现代城,https://www.dianping.com/shop/k4R7t6oSlZEL4Qx7,http://p1.meituan.net/searchscenerec/268fcf0cf9da6ee9de81082cd414d859167595.png%40340w_255h_1e_1c_1l%7Cwatermark%3D0,0.0
j7UJFZa4pQq9WJva,肯德基(龙之梦购物中心店),6658条评价,￥34,西式快餐,龙之梦,https://www.dianping.com/shop/j7UJFZa4pQq9WJva,https://img.meituan.net/content/0e35568513be996f4b936df7a92307de114434.jpg%40340w_255h_1e_1c_1l%7Cwatermark%3D0,4.0
k2ucAK8m2yqhXbQU,肯德基(北一路万达店),1762条评价,￥39,西式快餐,北二路,https://www.dianping.com/shop/k2ucAK8m2yqhXbQU,https://img.meituan.net/content/0e35568513be996f4b936df7a92307de114434.jpg%40340w_255h_1e_1c_1l%7Cwatermark%3D0,4.0
G7kzrL57Rjzo0arc,YO!GURT 优格酸奶,141条评价,￥21,酸奶,西塔/北市场,https://www.dianping.com/shop/G7kzrL57Rjzo0arc,http://p1.meituan.net/merchant/6dd7b5ee0ba28ea17abca78213d254e1321987.jpg%40340w_255h_1e_1c_1l%7Cwatermark%3D0,4.0
H88EC1kHNbq5TKEI,DQ动物奶油冰淇淋蛋糕,-,￥0,面包烘焙,保工街,https://www.dianping.com/shop/H88EC1kHNbq5TKEI,http://p1.meituan.net/searchscenerec/268fcf0cf9da6ee9de81082cd414d859167595.png%40340w_255h_1e_1c_1l%7Cwatermark%3D0,0.0
G8wIG8NU55boREIZ,暖森咖啡,607条评价,￥58,咖啡厅,南市/马路湾,https://www.dianping.com/shop/G8wIG8NU55boREIZ,http://p1.meituan.net/merchant/35e60615c0327b437eaedd16514694102731556.png%40340w_255h_1e_1c_1l%7Cwatermark%3D0,4.5
l412jNZIsZOJVpP8,小尊芝夏,802条评价,￥28,甜品,南市/马路湾,https://www.dianping.com/shop/l412jNZIsZOJVpP8,http://p0.meituan.net/merchant/3eab44db55a1ca7f81363a7c8073230d67573.jpg%40340w_255h_1e_1c_1l%7Cwatermark%3D0,4.5
Gal42gefbnras2NA,肯德基(奥体万达店),440条评价,￥31,西式快餐,奥体中心,https://www.dianping.com/shop/Gal42gefbnras2NA,https://img.meituan.net/content/0e35568513be996f4b936df7a92307de114434.jpg%40340w_255h_1e_1c_1l%7Cwatermark%3D0,4.0
l5IuhJrGpJnh4xlJ,DQ蛋糕冰淇淋(沈阳嘉里城店),197条评价,￥22,冰淇淋,青年大街,https://www.dianping.com/shop/l5IuhJrGpJnh4xlJ,https://img.meituan.net/content/5da0ad18e45d732653c64ff4c578cf33164900.jpg%40340w_255h_1e_1c_1l%7Cwatermark%3D0,4.0
G6FCBZQuKikmZn34,蟹仙唐朝(新世界店),1411条评价,￥610,海鲜,南湖公园/三好街,https://www.dianping.com/shop/G6FCBZQuKikmZn34,https://img.meituan.net/content/9b55df3f18f80c4592a9310ded41f0f2866689.png%40340w_255h_1e_1c_1l%7Cwatermark%3D0,5.0
k5IAOGzeBgeE1AAw,提钱退休CoffeeBar日咖夜酒,535条评价,￥30,咖啡厅,北一路万达,https://www.dianping.com/shop/k5IAOGzeBgeE1AAw,http://p0.meituan.net/merchant/2a84d6d41eb2399f40c028099d393047252497.jpg%40340w_255h_1e_1c_1l%7Cwatermark%3D0,4.5
Ga3xtyWubefxKyer,三十三の城,1184条评价,￥710,海鲜,浑南新区,https://www.dianping.com/shop/Ga3xtyWubefxKyer,http://p1.meituan.net/biztone/1759963332_1675735215698.jpeg%40340w_255h_1e_1c_1l%7Cwatermark%3D0,5.0
l73g7yVcFWIZCpJQ,Hi panda胖达生日蛋糕·下午茶,152条评价,￥39,面包烘焙,浑南新区,https://www.dianping.com/shop/l73g7yVcFWIZCpJQ,https://p0.meituan.net/poiugc/12373305466503bd9f0fa9421fbe75be3332585.png%40340w_255h_1e_1c_1l%7Cwatermark%3D0,5.0
k1E0CFAhJBRUs39r,DQ·蛋糕·冰淇淋(和平环宇城店),890条评价,￥19,冰淇淋,长白岛,https://www.dianping.com/shop/k1E0CFAhJBRUs39r,https://img.meituan.net/content/5da0ad18e45d732653c64ff4c578cf33164900.jpg%40340w_255h_1e_1c_1l%7Cwatermark%3D0,4.5
Har6E7RakYq8DV55,BinBin家,10条评价,￥15,韩式小吃,西塔/北市场,https://www.dianping.com/shop/Har6E7RakYq8DV55,https://p0.meituan.net/biztone/dfa98b91f4e61b8ad8c0ea36edb6d420149067.jpg%40340w_255h_1e_1c_1l%7Cwatermark%3D0,3.5
l3Ppsp8SjBFAgXlW,O2 Forest coffee氧气森林咖啡,475条评价,￥44,咖啡厅,浑南新区,https://www.dianping.com/shop/l3Ppsp8SjBFAgXlW,http://p0.meituan.net/merchant/22651c45a0b3c6dc6c41af4a645a182f747212.png%40340w_255h_1e_1c_1l%7Cwatermark%3D0,5.0
G5B78RNxJXSYVUAC,卡卡米苏烘焙·生日蛋糕(辽中区店),10条评价,￥5,面包烘焙,辽中区,https://www.dianping.com/shop/G5B78RNxJXSYVUAC,https://img.meituan.net/content/ad7bc35761aa68b4d52d15cec6470d6f169849.jpg%40340w_255h_1e_1c_1l%7Cwatermark%3D0,3.5
l4fE6MbBoiKlIPf5,高力乐面包咖啡厅(西塔店),2983条评价,￥26,面包烘焙,西塔/北市场,https://www.dianping.com/shop/l4fE6MbBoiKlIPf5,http://p0.meituan.net/biztone/195917252_1612394353858.jpeg%40340w_255h_1e_1c_1l%7Cwatermark%3D0,4.0
l9gwsU7YM3toQqne,柠柠家•鲜果绵绵冰(k11店),455条评价,￥18,冰淇淋,浑南新区,https://www.dianping.com/shop/l9gwsU7YM3toQqne,https://img.meituan.net/content/5a31b4c4e54e28e72debee14283d947f22990.jpg%40340w_255h_1e_1c_1l%7Cwatermark%3D0,4.0
l8IyO5Ro8Waqd1mr,鲜博士OFFICE臻选店(辉山乳业大厦店),197条评价,￥17,茶饮果汁,北陵,https://www.dianping.com/shop/l8IyO5Ro8Waqd1mr,http://p0.meituan.net/merchant/10267f71cc530164e5e1be3c2be6839f203757.jpg%40340w_255h_1e_1c_1l%7Cwatermark%3D0,4.0
YWRAvszBb2NyQL9N,肯德基(全运万达店),288条评价,￥32,西式快餐,浑南新区,https://www.dianping.com/shop/YWRAvszBb2NyQL9N,https://img.meituan.net/content/0e35568513be996f4b936df7a92307de114434.jpg%40340w_255h_1e_1c_1l%7Cwatermark%3D0,4.0
l5wvNaUubVHF6BHL,辉山牛奶(星汇旗舰店),90条评价,￥17,茶饮果汁,浑南新区,https://www.dianping.com/shop/l5wvNaUubVHF6BHL,http://p0.meituan.net/merchant/5a9c712847444e8053e433f9d8affa1621442.jpg%40340w_255h_1e_1c_1l%7Cwatermark%3D0,4.0
G7NnfA7xp7ZVELnA,沈阳康莱德酒店·轻食甜品站,56条评价,￥38,甜品,北站/市府,https://www.dianping.com/shop/G7NnfA7xp7ZVELnA,https://img.meituan.net/content/2e8d2a502f91a7f690ca5b08c108f6241147391.png%40340w_255h_1e_1c_1l%7Cwatermark%3D0,4.0
l2Ng1wkfKcvhSwPV,DQ·蛋糕·冰淇淋(沈阳龙湖天街店),353条评价,￥20,冰淇淋,浑南新区,https://www.dianping.com/shop/l2Ng1wkfKcvhSwPV,https://img.meituan.net/content/5da0ad18e45d732653c64ff4c578cf33164900.jpg%40340w_255h_1e_1c_1l%7Cwatermark%3D0,4.0
l4CPGnhkPvtQ70mB,SEEVERY喜佛爷(万象汇店),1014条评价,￥45,甜品,铁西广场,https://www.dianping.com/shop/l4CPGnhkPvtQ70mB,https://p0.meituan.net/biztone/c311d3c21ed58e97d587c98e5b752354289780.jpg%40340w_255h_1e_1c_1l%7Cwatermark%3D0,4.0
l7VD8RxIlS1OI9gt,唐朝蟹神(春河里店),996条评价,￥398,海鲜,彩电塔,https://www.dianping.com/shop/l7VD8RxIlS1OI9gt,https://img.meituan.net/content/b05b5cd5320ce2f1efec936d59ba99b71349314.png%40340w_255h_1e_1c_1l%7Cwatermark%3D0,5.0
G3q98REShR8eKEXJ,Chateau Blanc乡舍西餐厅,753条评价,￥105,西餐,龙之梦大都汇,https://www.dianping.com/shop/G3q98REShR8eKEXJ,http://p0.meituan.net/merchant/232015bb126fa7821b7af0b3e5898eab337586.jpg%40340w_255h_1e_1c_1l%7Cwatermark%3D0,5.0
k31Kmsupti3iE1HG,如意盛京红点心局(沈阳站店),582条评价,￥26,面包烘焙,太原街,https://www.dianping.com/shop/k31Kmsupti3iE1HG,https://p0.meituan.net/biztone/d131205f595a96a709fdcab4640598ce450807.jpg%40340w_255h_1e_1c_1l%7Cwatermark%3D0,4.0
kaoR5Gt6DEpsLPSc,肯德基(文化路店),1289条评价,￥24,西式快餐,五里河,https://www.dianping.com/shop/kaoR5Gt6DEpsLPSc,https://img.meituan.net/content/0e35568513be996f4b936df7a92307de114434.jpg%40340w_255h_1e_1c_1l%7Cwatermark%3D0,4.0
G9qfKXCwpJzQyd51,好利来(沈北吾悦广场店),188条评价,￥38,面包烘焙,道义,https://www.dianping.com/shop/G9qfKXCwpJzQyd51,http://p0.meituan.net/bbia/2036fc6bd9838ae9acd432d01588e9ea118411.jpg%40340w_255h_1e_1c_1l%7Cwatermark%3D0,4.0
G8Fz9wE5bur45NHq,满记甜品(大悦城店),2118条评价,￥38,甜品,东中街,https://www.dianping.com/shop/G8Fz9wE5bur45NHq,https://p0.meituan.net/biztone/ed1aa032953a0e3ade8691f58a477910675189.jpg%40340w_255h_1e_1c_1l%7Cwatermark%3D0,4.0
H1oab0io24mshr5N,完达山·乳此新鲜(故宫店),50条评价,￥19,茶饮果汁,中街/故宫,https://www.dianping.com/shop/H1oab0io24mshr5N,https://p0.meituan.net/biztone/12939afd1c7a26b6f4ce84f2dcd3276a175959.jpg%40340w_255h_1e_1c_1l%7Cwatermark%3D0,3.5
H8qJCAv0M8iRIx7Q,DQ·蛋糕·冰淇淋(双园路店),892条评价,￥18,冰淇淋,东陵公园,https://www.dianping.com/shop/H8qJCAv0M8iRIx7Q,https://img.meituan.net/content/5da0ad18e45d732653c64ff4c578cf33164900.jpg%40340w_255h_1e_1c_1l%7Cwatermark%3D0,4.0
G43lLkaVXQd82gpd,肯德基(白塔堡店),698条评价,￥30,西式快餐,浑南新区,https://www.dianping.com/shop/G43lLkaVXQd82gpd,https://img.meituan.net/content/0e35568513be996f4b936df7a92307de114434.jpg%40340w_255h_1e_1c_1l%7Cwatermark%3D0,4.0
kablGfLi2Vw8EgVz,NAMA那么餐厅,117条评价,￥798,西餐,长白岛,https://www.dianping.com/shop/kablGfLi2Vw8EgVz,http://p0.meituan.net/biztone/524976499_1693616250684.jpeg%40340w_255h_1e_1c_1l%7Cwatermark%3D0,4.5
H5PriMgGHqjDX70e,牧场能量(中街吾悦广场店),234条评价,￥12,茶饮果汁,东中街,https://www.dianping.com/shop/H5PriMgGHqjDX70e,https://img.meituan.net/content/a57bb0a3cdaaf7fa5f02c22cd3b5ac52130454.jpg%40340w_255h_1e_1c_1l%7Cwatermark%3D0,4.0
k2x6CL2amO00SVtB,日晒七里 RiShine Miles(万象城店),276条评价,￥39,咖啡厅,青年大街,https://www.dianping.com/shop/k2x6CL2amO00SVtB,http://p0.meituan.net/biztone/1564208797_1711021047383.jpeg%40340w_255h_1e_1c_1l%7Cwatermark%3D0,4.0
k45vlwjwFSYY9yCB,DQ·蛋糕·冰淇淋(全运路万达广场店),486条评价,￥22,冰淇淋,浑南新区,https://www.dianping.com/shop/k45vlwjwFSYY9yCB,https://img.meituan.net/content/5da0ad18e45d732653c64ff4c578cf33164900.jpg%40340w_255h_1e_1c_1l%7Cwatermark%3D0,4.5
k4BBKGZeDoPbha7a,和俊大叔西点,594条评价,￥29,面包烘焙,南市/马路湾,https://www.dianping.com/shop/k4BBKGZeDoPbha7a,http://p0.meituan.net/biztone/4445360_1665203974057.jpeg%40340w_255h_1e_1c_1l%7Cwatermark%3D0,4.5
H9Ojh5Oje5W1YTHe,青梅酒肆(中街长安里店),4469条评价,￥73,特色菜,中街/故宫,https://www.dianping.com/shop/H9Ojh5Oje5W1YTHe,https://p0.meituan.net/biztone/4098cd708d3b3e33fcca3594568c0bc489941.jpg%40340w_255h_1e_1c_1l%7Cwatermark%3D0,4.0
G3bCHmr8QV6k4y7C,Spring椿日生日蛋糕·动物奶油·冰淇淋(浑南店),-,￥0,冰淇淋,浑南区,https://www.dianping.com/shop/G3bCHmr8QV6k4y7C,http://p1.meituan.net/searchscenerec/268fcf0cf9da6ee9de81082cd414d859167595.png%40340w_255h_1e_1c_1l%7Cwatermark%3D0,0.0
HaO264r3mQUqTlAY,肯德基(沈阳机场T3店),357条评价,￥32,西式快餐,浑南区,https://www.dianping.com/shop/HaO264r3mQUqTlAY,http://p0.meituan.net/biztone/1454822468_1681525004008.jpeg%40340w_255h_1e_1c_1l%7Cwatermark%3D0,3.5
H9qn3u9prFc74Smj,不懂boutique de quoi cafe,532条评价,￥33,咖啡厅,南市/马路湾,https://www.dianping.com/shop/H9qn3u9prFc74Smj,http://p1.meituan.net/merchant/c86cec337c50c389b3ba999131bc496575159.jpg%40340w_255h_1e_1c_1l%7Cwatermark%3D0,4.5
H1VS2dlXhodZF6xj,窗苔·现烤可颂蛋挞(铁西万象汇店),502条评价,￥33,甜品,铁西广场,https://www.dianping.com/shop/H1VS2dlXhodZF6xj,https://p0.meituan.net/biztone/4454dce3730ec53dc34415987c3a571e198924.jpg%40340w_255h_1e_1c_1l%7Cwatermark%3D0,4.0
k8LkLz3f0yruTTHM,一栗·新鲜零食炒货(龙湖天街店),417条评价,￥41,甜品,浑南新区,https://www.dianping.com/shop/k8LkLz3f0yruTTHM,https://img.meituan.net/content/c74538642e254a24f5a9ce0c7387e5bf883983.jpg%40340w_255h_1e_1c_1l%7Cwatermark%3D0,4.5
l4BK9xP8fLkBCOqW,肯德基(沈阳天地店),361条评价,￥34,西式快餐,龙江广场,https://www.dianping.com/shop/l4BK9xP8fLkBCOqW,https://img.meituan.net/content/0e35568513be996f4b936df7a92307de114434.jpg%40340w_255h_1e_1c_1l%7Cwatermark%3D0,4.0
GaBB5DAWeBljgHns,一栗·新鲜零食炒货(皇姑万象汇店),768条评价,￥41,甜品,鸭绿江街,https://www.dianping.com/shop/GaBB5DAWeBljgHns,https://img.meituan.net/content/c74538642e254a24f5a9ce0c7387e5bf883983.jpg%40340w_255h_1e_1c_1l%7Cwatermark%3D0,4.0
G6a3hgs5KajrvuVn,如意盛京红点心局(新玛特店),973条评价,￥22,面包烘焙,东中街,https://www.dianping.com/shop/G6a3hgs5KajrvuVn,https://p0.meituan.net/biztone/d131205f595a96a709fdcab4640598ce450807.jpg%40340w_255h_1e_1c_1l%7Cwatermark%3D0,4.0
H6IKmEl3WRUcHxDS,肯德基(龙湖天街店),148条评价,￥37,西式快餐,浑南新区,https://www.dianping.com/shop/H6IKmEl3WRUcHxDS,https://img.meituan.net/content/0e35568513be996f4b936df7a92307de114434.jpg%40340w_255h_1e_1c_1l%7Cwatermark%3D0,4.0
G8CgXWFoTuhtfFol,MissC Boutique(沈阳天地店),905条评价,￥48,面包烘焙,龙江广场,https://www.dianping.com/shop/G8CgXWFoTuhtfFol,https://img.meituan.net/msmerchant/7950b8e5e2c31997d1626b2c21ff5d1e36895.jpg%40340w_255h_1e_1c_1l%7Cwatermark%3D0,4.0
G3zhPpOPAN3ZuzSZ,Deep Green迪可霖,287条评价,￥24,甜品,西塔/北市场,https://www.dianping.com/shop/G3zhPpOPAN3ZuzSZ,http://qcloud.dpfile.com/pc/BXKpyVYR0DdQjk2whtsnY69rlsSm-lXF0u55csI_1lS8aG1dF8b_gc15CDA8FaItbKcq9vnEaGy3xLEf-_v_oA.jpg,4.0
G1ardNv2PLpc9nQN,哈根达斯(沈阳万象城店),153条评价,￥73,冰淇淋,彩电塔,https://www.dianping.com/shop/G1ardNv2PLpc9nQN,https://p0.meituan.net/biztone/6b737092df5ed84203c0c361dbe3cff2631778.jpg%40340w_255h_1e_1c_1l%7Cwatermark%3D0,4.0
H6srTnrDcPCKBxIl,富马爷巧克力派(大悦城店),155条评价,￥26,甜品,东中街,https://www.dianping.com/shop/H6srTnrDcPCKBxIl,https://img.meituan.net/content/a731c1b71c7512a9672de1c9b366ac7a58569.jpg%40340w_255h_1e_1c_1l%7Cwatermark%3D0,4.0
k9V4DF97tNG6693v,愉园酥酪(和平环宇城店),763条评价,￥27,甜品,长白岛,https://www.dianping.com/shop/k9V4DF97tNG6693v,http://p0.meituan.net/merchant/919c3d6359fa63ba7f42893c5fce70a424466.jpg%40340w_255h_1e_1c_1l%7Cwatermark%3D0,4.0
G66JDufTqSQ26hK4,北极熊来福(六纬路店),529条评价,￥45,甜品,南市/马路湾,https://www.dianping.com/shop/G66JDufTqSQ26hK4,http://p0.meituan.net/biztone/1185230298_1685009305538.jpeg%40340w_255h_1e_1c_1l%7Cwatermark%3D0,4.5
H13CbOXLJurtsvVT,如意盛京红点心局(铁西万象汇店),1690条评价,￥28,面包烘焙,铁西广场,https://www.dianping.com/shop/H13CbOXLJurtsvVT,https://p0.meituan.net/biztone/d131205f595a96a709fdcab4640598ce450807.jpg%40340w_255h_1e_1c_1l%7Cwatermark%3D0,4.0
j8y0FkH8mchGbHus,月采厨房(K11 甄选店),7202条评价,￥102,广州菜,浑南新区,https://www.dianping.com/shop/j8y0FkH8mchGbHus,https://img.meituan.net/content/5bbed24ae2ed26de1be67c11f7d6c0a970301.jpg%40340w_255h_1e_1c_1l%7Cwatermark%3D0,4.0
FxUkul1hc2I0WxRb,吐司太太·鲜造吐司(市府恒隆广场店),129条评价,￥28,面包烘焙,北站/市府,https://www.dianping.com/shop/FxUkul1hc2I0WxRb,https://p0.meituan.net/biztone/87704666cede5926eacc0672e30c6712394395.jpg%40340w_255h_1e_1c_1l%7Cwatermark%3D0,4.0
l5DSIlEV27mHpG3k,满记甜品(和平环宇城店),325条评价,￥41,甜品,长白岛,https://www.dianping.com/shop/l5DSIlEV27mHpG3k,https://p0.meituan.net/biztone/ed1aa032953a0e3ade8691f58a477910675189.jpg%40340w_255h_1e_1c_1l%7Cwatermark%3D0,4.0
Hak2uwZ01aJg51JR,我是酸奶君(皇姑万象汇店),213条评价,￥18,茶饮果汁,鸭绿江街,https://www.dianping.com/shop/Hak2uwZ01aJg51JR,https://img.meituan.net/content/4e8b630376642d0affdff07b0711dec2466880.jpg%40340w_255h_1e_1c_1l%7Cwatermark%3D0,4.0
k3Tt2bFzgwtqP1wK,鮮芋仙(沈阳三台子万象汇店),186条评价,￥27,甜品,三台子,https://www.dianping.com/shop/k3Tt2bFzgwtqP1wK,https://img.meituan.net/content/ca01a1f49b30de39b665ff607dca823696377.jpg%40340w_255h_1e_1c_1l%7Cwatermark%3D0,4.0
HaeYBOao5NdWPKv8,鲜奶时间(太原街万达店),1325条评价,￥17,茶饮果汁,太原街,https://www.dianping.com/shop/HaeYBOao5NdWPKv8,https://img.meituan.net/content/3c34a4c33c16cb7a1b193658fcae641062375.jpg%40340w_255h_1e_1c_1l%7Cwatermark%3D0,4.0
l539HlthTvj1spLv,甜休半日·甜品·咖啡·蛋糕(长白店),258条评价,￥45,甜品,长白岛,https://www.dianping.com/shop/l539HlthTvj1spLv,http://p0.meituan.net/biztone/1879143597_1679134224953.jpeg%40340w_255h_1e_1c_1l%7Cwatermark%3D0,5.0
l5RpMTRoOIyHVh8f,Charcoal Burner 炙热,277条评价,￥288,牛排,青年大街,https://www.dianping.com/shop/l5RpMTRoOIyHVh8f,https://p0.meituan.net/biztone/58c292f0e1bf49c553fd22ea0a29093c114535.jpg%40340w_255h_1e_1c_1l%7Cwatermark%3D0,5.0
k1wTfEBjgMUruFYL,囍十八·cake零卡糖甜品(长白店),106条评价,￥40,甜品,长白岛,https://www.dianping.com/shop/k1wTfEBjgMUruFYL,http://p1.meituan.net/merchant/e1ff846f1708aeebf332654246146294302347.jpg%40340w_255h_1e_1c_1l%7Cwatermark%3D0,4.5
H667OwcbZuCfAJOL,汉堡王(沈阳星摩尔一店),5784条评价,￥31,西式快餐,北二路,https://www.dianping.com/shop/H667OwcbZuCfAJOL,https://img.meituan.net/content/29345cf76350d7d96a091dee5e469017164687.jpg%40340w_255h_1e_1c_1l%7Cwatermark%3D0,4.0
H624M431f3zZADXm,蘑菇空间 kinoco eat,391条评价,￥72,特色菜,龙之梦大都汇,https://www.dianping.com/shop/H624M431f3zZADXm,https://p0.meituan.net/biztone/3d6ed274edb5f602204077edf07b2522388367.jpg%40340w_255h_1e_1c_1l%7Cwatermark%3D0,4.0
labz27MWtpdeUcOO,日晒七里RiShine Miles(展览馆店),379条评价,￥48,咖啡厅,南湖公园/三好街,https://www.dianping.com/shop/labz27MWtpdeUcOO,https://img.meituan.net/content/528fb76ef02c1892244ad04d7ef288f81667859.png%40340w_255h_1e_1c_1l%7Cwatermark%3D0,4.0
iLFU3uQimZzlTHWU,自清欢下午茶馆,434条评价,￥56,饮品店,南市/马路湾,https://www.dianping.com/shop/iLFU3uQimZzlTHWU,http://p0.meituan.net/merchant/d5e67e6c14cc1e0bb23ff4eaf0501661331402.jpg%40340w_255h_1e_1c_1l%7Cwatermark%3D0,5.0
iQjBh1Y3GRLx6kex,LE RETOUR 乐赫图西餐厅,138条评价,￥1069,西餐,南市/马路湾,https://www.dianping.com/shop/iQjBh1Y3GRLx6kex,http://p0.meituan.net/merchant/f2bf98d9bd84703d273112e86df6923e122356.jpg%40340w_255h_1e_1c_1l%7Cwatermark%3D0,5.0
FkGVuNwp7NacyDGn,一颗榴莲(嘉里城店),31条评价,￥60,甜品,青年大街,https://www.dianping.com/shop/FkGVuNwp7NacyDGn,http://p0.meituan.net/merchant/7741b5e5c43c35630ace61a51e8c3ccf71507.jpg%40340w_255h_1e_1c_1l%7Cwatermark%3D0,4.0
H9ZoIS4r2Ay5pgiZ,Nice·奶思希腊冷萃酸奶(长白店),18条评价,￥31,冰淇淋,长白岛,https://www.dianping.com/shop/H9ZoIS4r2Ay5pgiZ,http://p0.meituan.net/poipicadd/d95d27052542dfc4dd5da8d6af793414549330.jpg%40340w_255h_1e_1c_1l%7Cwatermark%3D0,3.5
k12vrpS3Ob7hKrkG,麦当劳(沈新路龙湖得来速分店),88条评价,￥16,西式快餐,铁西区,https://www.dianping.com/shop/k12vrpS3Ob7hKrkG,https://img.meituan.net/content/641681971035e5f101fce48348cad9dc164377.jpg%40340w_255h_1e_1c_1l%7Cwatermark%3D0,4.0
l9qG0k8lHLo6yLQF,日晒七里咖啡(红梅店),2007条评价,￥46,咖啡厅,龙之梦大都汇,https://www.dianping.com/shop/l9qG0k8lHLo6yLQF,https://p0.meituan.net/biztone/b68fe8cb2a976805e2de23f68c2bd803483875.jpg%40340w_255h_1e_1c_1l%7Cwatermark%3D0,4.5
H4Ar0nak9mWy5xhp,東更道点心行(积家购物中心店),619条评价,￥21,面包烘焙,正良,https://www.dianping.com/shop/H4Ar0nak9mWy5xhp,https://p0.meituan.net/biztone/5e5c3a6778e16bd637f4cb628a80fa5c211950.jpg%40340w_255h_1e_1c_1l%7Cwatermark%3D0,4.5
ka47XjFkM0orATnM,北极熊来福(铁西万象汇店),554条评价,￥49,面包烘焙,云峰街,https://www.dianping.com/shop/ka47XjFkM0orATnM,http://p0.meituan.net/biztone/1786060444_1686706712627.jpeg%40340w_255h_1e_1c_1l%7Cwatermark%3D0,4.5
H4mrWBOlGufaM4E3,西塔善奶奶韩国打糕店,207条评价,￥20,韩式小吃,西塔/北市场,https://www.dianping.com/shop/H4mrWBOlGufaM4E3,https://p0.meituan.net/biztone/ec80918884c0cfed7e9fd5a8514ce9ab206078.jpg%40340w_255h_1e_1c_1l%7Cwatermark%3D0,4.0
G4ynBXvF8q19tUe9,中街吊炉饼鸡蛋糕小吃部,1123条评价,￥9,小吃,中街/故宫,https://www.dianping.com/shop/G4ynBXvF8q19tUe9,http://p1.meituan.net/poipicadd/aabfc6fae162197496ff863490edbcc8266772.jpg%40340w_255h_1e_1c_1l%7Cwatermark%3D0,4.0
k35cQL81NpYAfHHm,肯德基(东望街金地店),44条评价,￥30,西式快餐,大东区,https://www.dianping.com/shop/k35cQL81NpYAfHHm,https://img.meituan.net/content/0e35568513be996f4b936df7a92307de114434.jpg%40340w_255h_1e_1c_1l%7Cwatermark%3D0,3.5
G1kbcq16fXEsn78E,麦当劳(七星大街店),184条评价,￥26,西式快餐,道义商圈,https://www.dianping.com/shop/G1kbcq16fXEsn78E,https://img.meituan.net/content/641681971035e5f101fce48348cad9dc164377.jpg%40340w_255h_1e_1c_1l%7Cwatermark%3D0,4.0
i7QkDSiejYPNG8Ph,秘境鹿屿CAKE生日蛋糕·冰淇淋·动物奶油(小南街店),-,￥104,面包烘焙,文艺路/文化路,https://www.dianping.com/shop/i7QkDSiejYPNG8Ph,http://p1.meituan.net/searchscenerec/268fcf0cf9da6ee9de81082cd414d859167595.png%40340w_255h_1e_1c_1l%7Cwatermark%3D0,0.0
H9sFQWAFI2BZ1nhH,喜识冰糖葫芦炒酸奶,30条评价,￥25,冰淇淋,五里河,https://www.dianping.com/shop/H9sFQWAFI2BZ1nhH,http://p0.meituan.net/poipicadd/2cf67bc89782a2ce6039436268ad9c4c224599.jpg%40340w_255h_1e_1c_1l%7Cwatermark%3D0,3.5
G5QBqWWwZt4wc4TM,云朵朵雪绵豆沙,207条评价,￥21,甜品,中街/故宫,https://www.dianping.com/shop/G5QBqWWwZt4wc4TM,http://p0.meituan.net/merchant/cbe1c1c60fd422df341e24c47c09ec4e13491.jpg%40340w_255h_1e_1c_1l%7Cwatermark%3D0,4.0
l2Io23SXFcdsOwzQ,麦当劳(苏宁易购广场店),227条评价,￥19,西式快餐,苏家屯客运站,https://www.dianping.com/shop/l2Io23SXFcdsOwzQ,https://img.meituan.net/content/641681971035e5f101fce48348cad9dc164377.jpg%40340w_255h_1e_1c_1l%7Cwatermark%3D0,4.0
k5Ag3DburppXPy5t,嘉伊果巷·厚希腊冷萃酸奶(万科西华府店),1条评价,￥0,冰淇淋,张士开发区,https://www.dianping.com/shop/k5Ag3DburppXPy5t,http://p0.meituan.net/poipicadd/7736d4a968d782df8f694e21c6d81089149187.jpg%40340w_255h_1e_1c_1l%7Cwatermark%3D0,0.0
k2QccrenScEfZ1HX,東更道点心行(沈阳浑南龙湖天街店),1902条评价,￥21,面包烘焙,浑南新区,https://www.dianping.com/shop/k2QccrenScEfZ1HX,https://p0.meituan.net/biztone/5e5c3a6778e16bd637f4cb628a80fa5c211950.jpg%40340w_255h_1e_1c_1l%7Cwatermark%3D0,4.5
EwhjQkj81CbjYgGO,3.14叁點壹肆起酥烘焙,396条评价,￥38,面包烘焙,彩电塔,https://www.dianping.com/shop/EwhjQkj81CbjYgGO,https://p0.meituan.net/poiugc/77d66a4c8feb18208843821931ccf1ec52445.png%40340w_255h_1e_1c_1l%7Cwatermark%3D0,4.5
l81ojSuXmwXRFwgn,中街冰点(德工街店),-,￥0,冰淇淋,保工街,https://www.dianping.com/shop/l81ojSuXmwXRFwgn,http://p0.meituan.net/poipicadd/4921ce4437b1debc61b4594d6cbcb113557894.jpg%40340w_255h_1e_1c_1l%7Cwatermark%3D0,0.0
k2gwLAxIfudnDHwl,我是酸奶君(欧亚长青城店),93条评价,￥21,酸奶,浑南新区,https://www.dianping.com/shop/k2gwLAxIfudnDHwl,https://img.meituan.net/content/4e8b630376642d0affdff07b0711dec2466880.jpg%40340w_255h_1e_1c_1l%7Cwatermark%3D0,3.5
H8ePyra1TDjbQps5,宜家小餐馆(兴华北街店),152条评价,￥12,快餐简餐,北二路,https://www.dianping.com/shop/H8ePyra1TDjbQps5,https://img.meituan.net/content/0206a9df304af52d1b3087fbb498310251843.jpg%40340w_255h_1e_1c_1l%7Cwatermark%3D0,4.0
k8s34Cy724ax2Azs,雨白雪糕批发综合商店,-,￥0,冰淇淋,劳动公园,https://www.dianping.com/shop/k8s34Cy724ax2Azs,http://p0.meituan.net/poipicadd/2785573e2f752f204cee4a5158969fa1125124.jpg%40340w_255h_1e_1c_1l%7Cwatermark%3D0,0.0
iEaPqZ55GjAjcAfy,EL PATIO GELATO冰淇淋花园·意大利手工冰淇淋(沈辽路...,119条评价,￥25,冰淇淋,沈辽路万达,https://www.dianping.com/shop/iEaPqZ55GjAjcAfy,http://p0.meituan.net/merchant/f610a12f8fe181238f12d448a4b015e9214116.jpg%40340w_255h_1e_1c_1l%7Cwatermark%3D0,4.0
H2SExVS026nY6yvI,庐月又·城市书院(环宇城店),270条评价,￥33,咖啡厅,长白岛,https://www.dianping.com/shop/H2SExVS026nY6yvI,http://p1.meituan.net/merchant/740e9a0599f4c7613df0eb16f127916c610863.jpg%40340w_255h_1e_1c_1l%7Cwatermark%3D0,4.0
H7zcgmJPpiGkD0rt,東更道点心行(沈阳皇姑万象汇店),2614条评价,￥24,面包烘焙,鸭绿江街,https://www.dianping.com/shop/H7zcgmJPpiGkD0rt,https://p0.meituan.net/biztone/5e5c3a6778e16bd637f4cb628a80fa5c211950.jpg%40340w_255h_1e_1c_1l%7Cwatermark%3D0,4.5
l6e9XV0JVJbF5xXY,好利来(龙湖天街浑南店),252条评价,￥42,面包烘焙,浑南新区,https://www.dianping.com/shop/l6e9XV0JVJbF5xXY,https://img.meituan.net/content/28cc5d39ceb8453330238bdca7c17fb9146569.png%40340w_255h_1e_1c_1l%7Cwatermark%3D0,4.0
H6UA2pcifN5PUimw,玲婧胡同·生日蛋糕(长白幸福里店),3558条评价,￥141,甜品,长白岛,https://www.dianping.com/shop/H6UA2pcifN5PUimw,https://p0.meituan.net/biztone/505691678ed62fb2b8a18655552c6ec5510760.jpg%40340w_255h_1e_1c_1l%7Cwatermark%3D0,4.5
H3iZcNPhXMDXHgaf,劳顶笨咖啡(西塔店),1898条评价,￥44,咖啡厅,西塔/北市场,https://www.dianping.com/shop/H3iZcNPhXMDXHgaf,https://img.meituan.net/msmerchant/5871fabe41d61349609a5f1d1ffbb0023856113.jpg%40340w_255h_1e_1c_1l%7Cwatermark%3D0,4.0
l9tNutvivSoA2UL7,三味,255条评价,￥170,西餐,中山广场/医大一院,https://www.dianping.com/shop/l9tNutvivSoA2UL7,http://p0.meituan.net/merchant/7ed63781f639a816dd65c8c8d9b25ae9295650.jpg%40340w_255h_1e_1c_1l%7Cwatermark%3D0,5.0
H4HiTIeU28u6Nq4p,米芝莲(沈阳K11店),262条评价,￥20,茶饮果汁,五里河,https://www.dianping.com/shop/H4HiTIeU28u6Nq4p,http://p0.meituan.net/wmproduct/3a5367548d40bd790345ff9257512c0d633209.jpg%40340w_255h_1e_1c_1l%7Cwatermark%3D0,3.5
l8nXuHUUUqPKcOJc,YUAN餐厅,1060条评价,￥94,西餐,北站/市府,https://www.dianping.com/shop/l8nXuHUUUqPKcOJc,https://p0.meituan.net/biztone/5205b9f410b2a2e5e10be32ab11d3061390343.jpg%40340w_255h_1e_1c_1l%7Cwatermark%3D0,5.0
l6qPSzgzQX9Mbajs,麦当劳(长江北街DT店),178条评价,￥26,西式快餐,陵西,https://www.dianping.com/shop/l6qPSzgzQX9Mbajs,https://img.meituan.net/content/641681971035e5f101fce48348cad9dc164377.jpg%40340w_255h_1e_1c_1l%7Cwatermark%3D0,4.0
G6O8hCPSjEXhRbOB,酷冰雪糕批发,-,￥0,冰淇淋,新民市,https://www.dianping.com/shop/G6O8hCPSjEXhRbOB,http://p1.meituan.net/searchscenerec/268fcf0cf9da6ee9de81082cd414d859167595.png%40340w_255h_1e_1c_1l%7Cwatermark%3D0,0.0
G8eFBvfWmhaU8QNh,隐隅茶食店,232条评价,￥82,西餐,滑翔小区,https://www.dianping.com/shop/G8eFBvfWmhaU8QNh,http://p1.meituan.net/biztone/00d6788f5e073c59ce1a1f32d25b59911543063.jpg%40340w_255h_1e_1c_1l%7Cwatermark%3D0,4.0
EUxuNAU8lF4ux3GW,野人先生现做冰淇淋(沈阳欧亚长青城店),86条评价,￥27,冰淇淋,沈阳理工大学,https://www.dianping.com/shop/EUxuNAU8lF4ux3GW,https://img.meituan.net/content/ae3d61e7b5dc745212b7bc37bc12c0ab104124.png%40340w_255h_1e_1c_1l%7Cwatermark%3D0,4.0
G5rn0UYarMDzpMbx,Day By Day创意韩料(万象城店),2987条评价,￥96,朝韩料理,彩电塔,https://www.dianping.com/shop/G5rn0UYarMDzpMbx,https://img.meituan.net/content/51283aab149fa06192905f6c9aaf326f154489.jpg%40340w_255h_1e_1c_1l%7Cwatermark%3D0,4.0
k6S3dCJ5nnZRg0UG,中街冰点(水木康桥店),-,￥0,冰淇淋,辉山,https://www.dianping.com/shop/k6S3dCJ5nnZRg0UG,http://p1.meituan.net/searchscenerec/268fcf0cf9da6ee9de81082cd414d859167595.png%40340w_255h_1e_1c_1l%7Cwatermark%3D0,0.0
H5EVDtemAZl0jq7K,入口刚好(龙湖天街店),1091条评价,￥40,甜品,浑南新区,https://www.dianping.com/shop/H5EVDtemAZl0jq7K,https://p0.meituan.net/biztone/44e8fbf0e0f41d97c8ff801f59daba6e325032.jpg%40340w_255h_1e_1c_1l%7Cwatermark%3D0,4.0
l8e73cOM3JMSvARD,EZ冰冰(五爱市场服装城店),-,￥0,冰淇淋,五爱市场,https://www.dianping.com/shop/l8e73cOM3JMSvARD,http://p1.meituan.net/searchscenerec/268fcf0cf9da6ee9de81082cd414d859167595.png%40340w_255h_1e_1c_1l%7Cwatermark%3D0,0.0
G6TI8ZqhXLuKb5vG,一知屋生巧,501条评价,￥29,甜品,浑南新区,https://www.dianping.com/shop/G6TI8ZqhXLuKb5vG,https://p0.meituan.net/biztone/8a424673889813c6d56c79b5e304a0f0245609.jpg%40340w_255h_1e_1c_1l%7Cwatermark%3D0,4.0
H5Yvc3ASNo3ly9FG,鱼儿COFFEE&BAR·西餐·日咖夜酒,3015条评价,￥137,西餐,长白岛,https://www.dianping.com/shop/H5Yvc3ASNo3ly9FG,http://p1.meituan.net/biztone/160064954_1707400968155.jpeg%40340w_255h_1e_1c_1l%7Cwatermark%3D0,5.0
H2zmCLiX4FEvDRI2,日晒七里(长白咖啡店),2564条评价,￥49,咖啡厅,长白岛,https://www.dianping.com/shop/H2zmCLiX4FEvDRI2,https://p0.meituan.net/biztone/934275969877419d7e6348c2b76e8e76611007.jpg%40340w_255h_1e_1c_1l%7Cwatermark%3D0,4.0
G6sP43PlcWGldCO0,鲜芋仙(佳兆业店),474条评价,￥26,甜品,五里河,https://www.dianping.com/shop/G6sP43PlcWGldCO0,https://img.meituan.net/content/ca01a1f49b30de39b665ff607dca823696377.jpg%40340w_255h_1e_1c_1l%7Cwatermark%3D0,4.0
H2dO9zO0zLfZYp8i,肯德基(恒达路店),209条评价,￥36,西式快餐,浑南新区,https://www.dianping.com/shop/H2dO9zO0zLfZYp8i,https://img.meituan.net/content/0e35568513be996f4b936df7a92307de114434.jpg%40340w_255h_1e_1c_1l%7Cwatermark%3D0,4.0
H9c683pdi2rLqbXo,鲜芋仙(盛京大奥莱店),1117条评价,￥27,甜品,浑南新区,https://www.dianping.com/shop/H9c683pdi2rLqbXo,https://img.meituan.net/content/ca01a1f49b30de39b665ff607dca823696377.jpg%40340w_255h_1e_1c_1l%7Cwatermark%3D0,3.5
l3DCYkpvNd07Fs8B,一栗·新鲜零食炒货(三台子万象汇店),509条评价,￥33,甜品,三台子,https://www.dianping.com/shop/l3DCYkpvNd07Fs8B,https://img.meituan.net/content/c74538642e254a24f5a9ce0c7387e5bf883983.jpg%40340w_255h_1e_1c_1l%7Cwatermark%3D0,4.0
G2bghKEzPfgJ8A5A,汉堡王(沈阳碧桂园店),1491条评价,￥38,西式快餐,于洪新城,https://www.dianping.com/shop/G2bghKEzPfgJ8A5A,https://img.meituan.net/content/29345cf76350d7d96a091dee5e469017164687.jpg%40340w_255h_1e_1c_1l%7Cwatermark%3D0,4.0
l40DxlS3rnRcnl0L,迪丽卡·Delica Brunch·Café(K11店),1549条评价,￥79,西餐,五里河,https://www.dianping.com/shop/l40DxlS3rnRcnl0L,http://p0.meituan.net/biztone/192495881_1645693683144.jpeg%40340w_255h_1e_1c_1l%7Cwatermark%3D0,4.0
H7KyW8sAxMDp88hW,小鹅皇港式餐厅(中街大悦城店),2323条评价,￥77,粤菜馆,东中街,https://www.dianping.com/shop/H7KyW8sAxMDp88hW,https://img.meituan.net/content/7f409843bd2b9dbc1536acb03df076fe780200.png%40340w_255h_1e_1c_1l%7Cwatermark%3D0,4.0
l9DZ2FgXL01aYxO1,麦当劳(怒江北街店),143条评价,￥30,西式快餐,四台子,https://www.dianping.com/shop/l9DZ2FgXL01aYxO1,https://img.meituan.net/content/641681971035e5f101fce48348cad9dc164377.jpg%40340w_255h_1e_1c_1l%7Cwatermark%3D0,4.0
i7AJ6e1kTK1actCO,BISTRO LENBACH兰巴赫(沈阳嘉里城店),4723条评价,￥130,西餐,青年大街,https://www.dianping.com/shop/i7AJ6e1kTK1actCO,https://img.meituan.net/content/0701f84aac51be6902a059924c4006bb4473756.png%40340w_255h_1e_1c_1l%7Cwatermark%3D0,4.5
l41SfN4rqVcE7aKd,不二咖啡(中海寰宇店),199条评价,￥31,咖啡厅,塔湾,https://www.dianping.com/shop/l41SfN4rqVcE7aKd,http://p0.meituan.net/merchant/ae1bf68b9ea5fea4a6aebc08f708da5150932.jpg%40340w_255h_1e_1c_1l%7Cwatermark%3D0,4.5
Ha9sj4FutXULIYto,窗苔·现烤可颂蛋挞(皇姑万象汇店),129条评价,￥27,甜品,鸭绿江街,https://www.dianping.com/shop/Ha9sj4FutXULIYto,https://img.meituan.net/content/b85c7f2bf00b4d608ad766a4332a063d660514.png%40340w_255h_1e_1c_1l%7Cwatermark%3D0,4.0
G3Bt0bPc1wYyevQ1,宝得利冰糖厂家直销,-,￥0,冰淇淋,沈阳站,https://www.dianping.com/shop/G3Bt0bPc1wYyevQ1,http://p0.meituan.net/poipicadd/7542662ccb305f77a8551d0be0960a0c130260.jpg%40340w_255h_1e_1c_1l%7Cwatermark%3D0,0.0
G27nXlSBVkAq9Pw8,麦当劳(长白南路中海店),497条评价,￥28,西式快餐,长白岛,https://www.dianping.com/shop/G27nXlSBVkAq9Pw8,https://img.meituan.net/content/641681971035e5f101fce48348cad9dc164377.jpg%40340w_255h_1e_1c_1l%7Cwatermark%3D0,4.0
G4DY0pqW5JpfqiWQ,the Roll'ING手作瑞士卷专门店(铁西万象汇店),223条评价,￥48,甜品,铁西广场,https://www.dianping.com/shop/G4DY0pqW5JpfqiWQ,https://img.meituan.net/content/c3d2362660e38251e5d4c5457fa0a9d5131605.jpg%40340w_255h_1e_1c_1l%7Cwatermark%3D0,4.0
l1UAYczykCyUVI8v,the Roll'ING手作瑞士卷专门店(沈阳大悦城店),169条评价,￥47,甜品,东中街,https://www.dianping.com/shop/l1UAYczykCyUVI8v,https://img.meituan.net/content/c3d2362660e38251e5d4c5457fa0a9d5131605.jpg%40340w_255h_1e_1c_1l%7Cwatermark%3D0,4.0
k72DtNLVy2mmbI2w,窗苔·现烤可颂蛋挞(长白万象汇店),109条评价,￥23,甜品,长白岛,https://www.dianping.com/shop/k72DtNLVy2mmbI2w,https://p0.meituan.net/biztone/4454dce3730ec53dc34415987c3a571e198924.jpg%40340w_255h_1e_1c_1l%7Cwatermark%3D0,4.0
H6Oapo8LFwcsByXE,llasagnee意大利千层面(沈阳万象城店),2325条评价,￥95,西餐,青年大街,https://www.dianping.com/shop/H6Oapo8LFwcsByXE,https://p0.meituan.net/biztone/057bf781202d085ed84497afa91c0d56437872.jpg%40340w_255h_1e_1c_1l%7Cwatermark%3D0,4.0
k1U5M8232O6e8Bn8,糖纳滋(中街店),529条评价,￥28,甜品,中街/故宫,https://www.dianping.com/shop/k1U5M8232O6e8Bn8,https://p0.meituan.net/biztone/720bd327aa3d28c4f00f60deb680188e96623.jpg%40340w_255h_1e_1c_1l%7Cwatermark%3D0,4.0
H8m5a3RZoWGPuqNR,牛道·和牛九食(市府恒隆广场店),1515条评价,￥309,日式烧烤/烤肉,北站/市府,https://www.dianping.com/shop/H8m5a3RZoWGPuqNR,http://p0.meituan.net/biztone/190290534_1678431323998.jpeg%40340w_255h_1e_1c_1l%7Cwatermark%3D0,5.0
itMt6fhsy8mDGVVF,Ruby Café鲁比咖啡,300条评价,￥48,咖啡厅,南市/马路湾,https://www.dianping.com/shop/itMt6fhsy8mDGVVF,http://p0.meituan.net/merchant/2383944a86de0038e0fe7a794a4c6701148986.jpg%40340w_255h_1e_1c_1l%7Cwatermark%3D0,4.5
k1QXKB7Vn05rqSFp,糕材生(龙湖天街店),729条评价,￥23,面包烘焙,浑南新区,https://www.dianping.com/shop/k1QXKB7Vn05rqSFp,https://img.meituan.net/content/26e222a53f2dd72667e8a88f72465eb0694875.png%40340w_255h_1e_1c_1l%7Cwatermark%3D0,4.0
k2dX7TpkdheBhUhE,東更道点心行(沈阳K11店),1678条评价,￥23,面包烘焙,五里河,https://www.dianping.com/shop/k2dX7TpkdheBhUhE,https://p0.meituan.net/biztone/5e5c3a6778e16bd637f4cb628a80fa5c211950.jpg%40340w_255h_1e_1c_1l%7Cwatermark%3D0,4.5
H5DoelLT9yaUFHPn,芮曼西餐厅,317条评价,￥75,西餐,苏家屯区政府,https://www.dianping.com/shop/H5DoelLT9yaUFHPn,https://img.meituan.net/content/7de2e1bbe1be6331f4b16b6b1b277fcf183855.png%40340w_255h_1e_1c_1l%7Cwatermark%3D0,4.5
G89cOqzlWQAADW7J,奈雪的茶(K11店),1365条评价,￥22,茶饮果汁,浑南新区,https://www.dianping.com/shop/G89cOqzlWQAADW7J,https://img.meituan.net/content/afa9baa79be5d41300893ad90c2e6f0c304167.jpg%40340w_255h_1e_1c_1l%7Cwatermark%3D0,4.0
k7GU4niGkBEkQf7s,冰糖雪梨,-,￥0,冰淇淋,长白岛,https://www.dianping.com/shop/k7GU4niGkBEkQf7s,http://p1.meituan.net/searchscenerec/268fcf0cf9da6ee9de81082cd414d859167595.png%40340w_255h_1e_1c_1l%7Cwatermark%3D0,0.0
k4uDqUrMPN6otXFi,汉堡王(吾悦广场店),663条评价,￥30,西式快餐,道义,https://www.dianping.com/shop/k4uDqUrMPN6otXFi,https://img.meituan.net/content/29345cf76350d7d96a091dee5e469017164687.jpg%40340w_255h_1e_1c_1l%7Cwatermark%3D0,4.0
H7evSIFHMWW1pCG8,不二咖啡(中山店),315条评价,￥28,咖啡厅,中山广场/医大一院,https://www.dianping.com/shop/H7evSIFHMWW1pCG8,http://p0.meituan.net/biztone/1864378550_1657019808180.jpeg%40340w_255h_1e_1c_1l%7Cwatermark%3D0,4.5
G1WKgTBp1jnQihtc,满记甜品(市府恒隆店),1093条评价,￥41,甜品,北站/市府,https://www.dianping.com/shop/G1WKgTBp1jnQihtc,https://p0.meituan.net/biztone/ed1aa032953a0e3ade8691f58a477910675189.jpg%40340w_255h_1e_1c_1l%7Cwatermark%3D0,4.0
l2MoXz4HghOvXSMF,肯德基(沈辽店),1744条评价,￥38,西式快餐,沈辽路万达,https://www.dianping.com/shop/l2MoXz4HghOvXSMF,https://img.meituan.net/content/0e35568513be996f4b936df7a92307de114434.jpg%40340w_255h_1e_1c_1l%7Cwatermark%3D0,4.0
H1YXKL4IjfyovBMZ,中街冰点(友爱东小区店),-,￥0,冰淇淋,奉天街沿线,https://www.dianping.com/shop/H1YXKL4IjfyovBMZ,http://p0.meituan.net/poipicadd/3d79ce54db5773e1566c4165753bc87b524562.jpg%40340w_255h_1e_1c_1l%7Cwatermark%3D0,0.0
k64QZEhoJEa28LXA,麦当劳(劳动路东樾城店),174条评价,￥24,西式快餐,大东区,https://www.dianping.com/shop/k64QZEhoJEa28LXA,https://img.meituan.net/content/641681971035e5f101fce48348cad9dc164377.jpg%40340w_255h_1e_1c_1l%7Cwatermark%3D0,4.0
k66WhY2mC1TlhD2J,東更道点心行(沈阳星摩尔店),2820条评价,￥20,面包烘焙,星摩尔,https://www.dianping.com/shop/k66WhY2mC1TlhD2J,https://p0.meituan.net/biztone/5e5c3a6778e16bd637f4cb628a80fa5c211950.jpg%40340w_255h_1e_1c_1l%7Cwatermark%3D0,4.5
HakasRmwMLJWdpGH,胆道·海胆专门店(长白店),1584条评价,￥198,海鲜,长白岛,https://www.dianping.com/shop/HakasRmwMLJWdpGH,https://img.meituan.net/content/0c0674453ea6329a0818892d7b2cf7391300476.png%40340w_255h_1e_1c_1l%7Cwatermark%3D0,5.0
GawXlgDca1Ktmbrq,鲜芋仙(奥体万达店),399条评价,￥30,甜品,浑南新区,https://www.dianping.com/shop/GawXlgDca1Ktmbrq,https://img.meituan.net/content/ca01a1f49b30de39b665ff607dca823696377.jpg%40340w_255h_1e_1c_1l%7Cwatermark%3D0,4.0
l8UW7K1gbLFZay8R,汉堡王(和平环宇城店),330条评价,￥29,西式快餐,长白岛,https://www.dianping.com/shop/l8UW7K1gbLFZay8R,https://img.meituan.net/content/29345cf76350d7d96a091dee5e469017164687.jpg%40340w_255h_1e_1c_1l%7Cwatermark%3D0,4.0
H9ajNAHXvVwUFwM7,可心雪糕店,-,￥0,冰淇淋,北一路万达,https://www.dianping.com/shop/H9ajNAHXvVwUFwM7,http://p0.meituan.net/poipicadd/3856600613f1accad518c71d6f60f70653878.jpg%40340w_255h_1e_1c_1l%7Cwatermark%3D0,0.0
H1PnckejqEVIkQ4k,巴黎贝甜(中华路生日蛋糕店),1224条评价,￥36,面包烘焙,太原街,https://www.dianping.com/shop/H1PnckejqEVIkQ4k,https://img.meituan.net/content/2c32059efd7cf3c7078799a93e158367109134.jpg%40340w_255h_1e_1c_1l%7Cwatermark%3D0,4.0
G1Aeu3bfmLagHgfB,米旗(中街吾悦店),74条评价,￥41,面包烘焙,东中街,https://www.dianping.com/shop/G1Aeu3bfmLagHgfB,https://img.meituan.net/content/1faf462c44272d28bc436c9910174e7a112537.png%40340w_255h_1e_1c_1l%7Cwatermark%3D0,3.5
k7W5rMFFIyRMap20,麦当劳(营盘北街大奥莱分店),204条评价,￥33,西式快餐,奥体中心,https://www.dianping.com/shop/k7W5rMFFIyRMap20,https://img.meituan.net/content/641681971035e5f101fce48348cad9dc164377.jpg%40340w_255h_1e_1c_1l%7Cwatermark%3D0,4.0
G98HMdYXMxISLcHK,麦当劳(北二西路FSDT店),364条评价,￥27,西式快餐,北二路,https://www.dianping.com/shop/G98HMdYXMxISLcHK,https://img.meituan.net/content/641681971035e5f101fce48348cad9dc164377.jpg%40340w_255h_1e_1c_1l%7Cwatermark%3D0,4.0
kaRbQHzvMqyKt6xy,周记雪绵豆沙,105条评价,￥24,小吃,北站/市府,https://www.dianping.com/shop/kaRbQHzvMqyKt6xy,http://p1.meituan.net/merchant/d64b6a7b3e9749eef701bd88db926dc9240258.jpg%40340w_255h_1e_1c_1l%7Cwatermark%3D0,4.0
E7NxoDijh0ZfKeBP,八喜糕糕在上雪糕批发,-,￥0,冰淇淋,塔湾,https://www.dianping.com/shop/E7NxoDijh0ZfKeBP,http://p1.meituan.net/searchscenerec/268fcf0cf9da6ee9de81082cd414d859167595.png%40340w_255h_1e_1c_1l%7Cwatermark%3D0,0.0
k8dpYf7EHpTw45Zs,沈阳康莱德酒店·涟馆西餐厅,1642条评价,￥424,牛排,北站/市府,https://www.dianping.com/shop/k8dpYf7EHpTw45Zs,https://img.meituan.net/content/2aaf431774f053b857a129de5a72a7d42280251.png%40340w_255h_1e_1c_1l%7Cwatermark%3D0,5.0
l8EukgA5LmVnRIcB,雪糕钟老板(万科·公园大道东区店),1条评价,￥0,冰淇淋,开发大道,https://www.dianping.com/shop/l8EukgA5LmVnRIcB,http://p1.meituan.net/poipicadd/224007443011c8ac5c3a7463fed966bb136185.jpg%40340w_255h_1e_1c_1l%7Cwatermark%3D0,0.0
l8har5P0cylUzzhU,冰糖雪梨,-,￥0,冰淇淋,长青街,https://www.dianping.com/shop/l8har5P0cylUzzhU,http://p1.meituan.net/searchscenerec/268fcf0cf9da6ee9de81082cd414d859167595.png%40340w_255h_1e_1c_1l%7Cwatermark%3D0,0.0
H8EYbSlZf103DACY,1921Restaurant and Bar厚切牛排馆,886条评价,￥253,西餐,北二路,https://www.dianping.com/shop/H8EYbSlZf103DACY,https://img.meituan.net/msmerchant/431353f66ad621b3a0c245768aaf34f4353241.jpg%40340w_255h_1e_1c_1l%7Cwatermark%3D0,5.0
G3zDir1RhxbvcZSY,肯德基(苏家屯大润发店),2537条评价,￥34,西式快餐,苏家屯区政府,https://www.dianping.com/shop/G3zDir1RhxbvcZSY,https://img.meituan.net/content/0e35568513be996f4b936df7a92307de114434.jpg%40340w_255h_1e_1c_1l%7Cwatermark%3D0,4.0
H5JrfzMwDUsdGwnt,哆点甜牛乳冰室(三好街店),4条评价,￥7,茶饮果汁,五里河,https://www.dianping.com/shop/H5JrfzMwDUsdGwnt,https://p0.meituan.net/biztone/4596e1397762188dc06dbe014891a56b180479.jpg%40340w_255h_1e_1c_1l%7Cwatermark%3D0,3.5
H7lExFKFBJbKA9e3,奶站雪糕,-,￥0,冰淇淋,于洪广场,https://www.dianping.com/shop/H7lExFKFBJbKA9e3,http://p0.meituan.net/poipicadd/addb4583d531cdd7aa3dc31e6712bc30611507.jpg%40340w_255h_1e_1c_1l%7Cwatermark%3D0,0.0
l4qVcnOQNHN2M0ZG,雪糕钟老板(勋业三路店),-,￥0,冰淇淋,长客西站,https://www.dianping.com/shop/l4qVcnOQNHN2M0ZG,http://p1.meituan.net/poipicadd/f9c21f570bc1b1c6e58fefe55d158a9b9913.jpg%40340w_255h_1e_1c_1l%7Cwatermark%3D0,0.0
k1F4ypVggeYGk6Sr,拉赫曼巴基斯坦餐厅(铁西店),241条评价,￥110,西餐,保工街,https://www.dianping.com/shop/k1F4ypVggeYGk6Sr,http://p0.meituan.net/merchant/5c54ac05715bdb5bf38f7898cab64020569128.jpg%40340w_255h_1e_1c_1l%7Cwatermark%3D0,4.5
l1HK62bsvCjnlQ4U,麦当劳(奥体万达广场店),640条评价,￥28,西式快餐,浑南新区,https://www.dianping.com/shop/l1HK62bsvCjnlQ4U,https://img.meituan.net/content/641681971035e5f101fce48348cad9dc164377.jpg%40340w_255h_1e_1c_1l%7Cwatermark%3D0,4.0
H1dqfpcv1iGMryVF,安妮斯贝·闪电泡芙(北一路万达店),118条评价,￥13,甜品,北一路万达,https://www.dianping.com/shop/H1dqfpcv1iGMryVF,https://p0.meituan.net/biztone/b2f9d2234eea8322aca8b5416e818c52586040.jpg%40340w_255h_1e_1c_1l%7Cwatermark%3D0,4.0
H9QjUJwauNTUfNTb,张家清真糕点(奉天街店),780条评价,￥31,甜品,北站/市府,https://www.dianping.com/shop/H9QjUJwauNTUfNTb,http://p1.meituan.net/poipicadd/d02fb456a8a81062e0ac325bfc43941d522081.jpg%40340w_255h_1e_1c_1l%7Cwatermark%3D0,4.0
H8z4Bl216INDYxur,蜜雪冰城(怀远门店),239条评价,￥7,茶饮果汁,怀远门,https://www.dianping.com/shop/H8z4Bl216INDYxur,https://img.meituan.net/content/7c09cb50827b4a5faf3c0b776c39d593167846.jpg%40340w_255h_1e_1c_1l%7Cwatermark%3D0,4.0
G1pO4T0c6oSjwRow,麦当劳甜品站,-,￥0,冰淇淋,长江北街/黑山路,https://www.dianping.com/shop/G1pO4T0c6oSjwRow,http://p0.meituan.net/poipicadd/2043e81e48639dd203b886fabc38f6c5402330.jpg%40340w_255h_1e_1c_1l%7Cwatermark%3D0,0.0
l7USeK0xK871LlD0,无晚Coffee·Brunch·Bistro,272条评价,￥82,西餐,南市/马路湾,https://www.dianping.com/shop/l7USeK0xK871LlD0,https://p0.meituan.net/biztone/ea6b5ecd396f86e71aadbba41de9f2de584483.jpg%40340w_255h_1e_1c_1l%7Cwatermark%3D0,4.0
iEnZC76NWYXbQOiH,汉堡王(玖伍广场店),1737条评价,￥27,西式快餐,太原街,https://www.dianping.com/shop/iEnZC76NWYXbQOiH,https://img.meituan.net/content/29345cf76350d7d96a091dee5e469017164687.jpg%40340w_255h_1e_1c_1l%7Cwatermark%3D0,4.0
l6PrKz2gguWgiUPM,富马爷巧克力派(沈北吾悦店),48条评价,￥20,甜品,道义商圈,https://www.dianping.com/shop/l6PrKz2gguWgiUPM,https://img.meituan.net/content/dece660719622ae8ceab4507a1a3f7bc58877.jpg%40340w_255h_1e_1c_1l%7Cwatermark%3D0,4.0
l7qG8wgOIYPGe9Pr,雪糕经销部,-,￥0,冰淇淋,龙江广场,https://www.dianping.com/shop/l7qG8wgOIYPGe9Pr,http://p0.meituan.net/poipicadd/3f6d56a81168f2ab62d4ab1bdc7cc30d183427.jpg%40340w_255h_1e_1c_1l%7Cwatermark%3D0,0.0
k8gQfweEW6lX1Qlp,君悦酒店·大堂酒廊·空中大堂,999条评价,￥96,甜品,五里河,https://www.dianping.com/shop/k8gQfweEW6lX1Qlp,http://p1.meituan.net/biztone/b806a3b9e109ad305d33209be1a778762133056.jpg%40340w_255h_1e_1c_1l%7Cwatermark%3D0,4.5
G1i9LcfgYPCL501D,麦当劳(辉山人和街店),138条评价,￥26,西式快餐,辉山,https://www.dianping.com/shop/G1i9LcfgYPCL501D,https://img.meituan.net/content/641681971035e5f101fce48348cad9dc164377.jpg%40340w_255h_1e_1c_1l%7Cwatermark%3D0,4.0
EbOBXY6opSTSbbsA,MUMA餐厅(中山路店),3018条评价,￥108,西餐,中山广场/医大一院,https://www.dianping.com/shop/EbOBXY6opSTSbbsA,https://img.meituan.net/content/26509c816717433bd869ec5bcd91fbd12512611.png%40340w_255h_1e_1c_1l%7Cwatermark%3D0,4.5
k3wZZ0qU4tTzqYa5,老社区重庆火锅(滑翔社区店),3704条评价,￥70,重庆火锅,滑翔小区,https://www.dianping.com/shop/k3wZZ0qU4tTzqYa5,https://img.meituan.net/content/06605bc694483bf14c89c9295c75ba0f178765.jpg%40340w_255h_1e_1c_1l%7Cwatermark%3D0,5.0
H9v9fVthoE5fFqks,700CC(沈阳K11直营店),2947条评价,￥16,茶饮果汁,五里河,https://www.dianping.com/shop/H9v9fVthoE5fFqks,https://img.meituan.net/content/c8741806aab59acbc6cd660ea33a5aa6371479.jpg%40340w_255h_1e_1c_1l%7Cwatermark%3D0,4.5
k4A6FiEqRg83lrW4,肯德基(惠工店),1701条评价,￥33,西式快餐,北站/市府,https://www.dianping.com/shop/k4A6FiEqRg83lrW4,https://img.meituan.net/content/0e35568513be996f4b936df7a92307de114434.jpg%40340w_255h_1e_1c_1l%7Cwatermark%3D0,4.0
l53dRgBPcO6IHg5L,海底捞火锅(印象城店),5751条评价,￥117,四川火锅,太原街,https://www.dianping.com/shop/l53dRgBPcO6IHg5L,https://img.meituan.net/content/773b020a2d540c406a3ef2845967efdb204411.jpg%40340w_255h_1e_1c_1l%7Cwatermark%3D0,5.0
FkqCA8CPFMMSQxjn,盛京百货大家庭,1890条评价,￥0,商场,中街/故宫,https://www.dianping.com/shop/FkqCA8CPFMMSQxjn,https://p0.meituan.net/dpmerchantpic/3c43aae3dfa1bd1684d8d205e9508614598139.jpg%40340w_255h_1e_1c_1l%7Cwatermark%3D0,5.0
k6zmOHVFgHDJ2Adc,麦当劳(香江店),779条评价,￥30,西式快餐,保工街,https://www.dianping.com/shop/k6zmOHVFgHDJ2Adc,https://img.meituan.net/content/641681971035e5f101fce48348cad9dc164377.jpg%40340w_255h_1e_1c_1l%7Cwatermark%3D0,4.0
jwh7PuLxtSwK7q7I,肯德基(北站站内店),830条评价,￥40,西式快餐,北站/市府,https://www.dianping.com/shop/jwh7PuLxtSwK7q7I,http://p0.meituan.net/biztone/1454822468_1681525004008.jpeg%40340w_255h_1e_1c_1l%7Cwatermark%3D0,3.5
H9Hgrzs8gCPpy6dF,TOCLOUD CAFE,121条评价,￥49,咖啡厅,南市/马路湾,https://www.dianping.com/shop/H9Hgrzs8gCPpy6dF,https://p0.meituan.net/biztone/8b1fe520b9f7c6777f81d3ebd917100781550.jpg%40340w_255h_1e_1c_1l%7Cwatermark%3D0,4.5
k80cIhgMJ2hOEGGn,美好水吧,-,￥0,冰淇淋,南湖公园/三好街,https://www.dianping.com/shop/k80cIhgMJ2hOEGGn,http://p1.meituan.net/searchscenerec/268fcf0cf9da6ee9de81082cd414d859167595.png%40340w_255h_1e_1c_1l%7Cwatermark%3D0,0.0
G3VZFzn8Ojg2vPSC,肯悦咖啡(长白大润发店),383条评价,￥22,咖啡厅,长白岛,https://www.dianping.com/shop/G3VZFzn8Ojg2vPSC,https://img.meituan.net/content/fb5899fab1ed2b1d50abfa679894e74379059.jpg%40340w_255h_1e_1c_1l%7Cwatermark%3D0,4.0
l2pSzG0oSciKAkTl,奈雪的茶(大悦城店),2501条评价,￥19,茶饮果汁,东中街,https://www.dianping.com/shop/l2pSzG0oSciKAkTl,https://img.meituan.net/content/afa9baa79be5d41300893ad90c2e6f0c304167.jpg%40340w_255h_1e_1c_1l%7Cwatermark%3D0,4.0
k37fT7HbbwubTnqt,牛奶雪糕(世代家园南区店),-,￥0,冰淇淋,长客西站,https://www.dianping.com/shop/k37fT7HbbwubTnqt,http://p1.meituan.net/searchscenerec/268fcf0cf9da6ee9de81082cd414d859167595.png%40340w_255h_1e_1c_1l%7Cwatermark%3D0,0.0
G6vdFCyh1HBEWaZp,麦当劳(浑南东路荣盛DT店),187条评价,￥43,西式快餐,浑南东路,https://www.dianping.com/shop/G6vdFCyh1HBEWaZp,https://img.meituan.net/content/641681971035e5f101fce48348cad9dc164377.jpg%40340w_255h_1e_1c_1l%7Cwatermark%3D0,4.5
G6zQLi9yNAPkYjg0,粮油食杂雪糕,-,￥0,冰淇淋,陵东,https://www.dianping.com/shop/G6zQLi9yNAPkYjg0,http://p1.meituan.net/searchscenerec/268fcf0cf9da6ee9de81082cd414d859167595.png%40340w_255h_1e_1c_1l%7Cwatermark%3D0,0.0
G7N5SaAKTmtKAJ8q,温芯家奶站雪糕(东亚·翰林世家店),-,￥0,冰淇淋,陵东,https://www.dianping.com/shop/G7N5SaAKTmtKAJ8q,http://p0.meituan.net/poipicadd/77d329a9eae34aeace3e8a7710f1bac8311654.jpg%40340w_255h_1e_1c_1l%7Cwatermark%3D0,0.0
l97uou6NUT4vtgVM,鲜博士乳品创意Lab(宁山路店),12条评价,￥11,茶饮果汁,北行/辽大,https://www.dianping.com/shop/l97uou6NUT4vtgVM,https://p0.meituan.net/biztone/dcb85cdbd2407d949eca7de087f36aa7253133.jpg%40340w_255h_1e_1c_1l%7Cwatermark%3D0,3.5
G4ujJswjNwztWHX1,批发冷饮雪糕,-,￥0,冰淇淋,新民市,https://www.dianping.com/shop/G4ujJswjNwztWHX1,http://p0.meituan.net/poipicadd/248e234140659f36dcb51d30e0e468c415875.jpg%40340w_255h_1e_1c_1l%7Cwatermark%3D0,0.0
HaVfajwR5sGP4s5w,奶站雪糕(碧桂园·凤凰城西区店),-,￥0,冰淇淋,苏家屯客运站,https://www.dianping.com/shop/HaVfajwR5sGP4s5w,http://p0.meituan.net/poipicadd/b111dca4ab6034a08934f82ae66db3b999050.jpg%40340w_255h_1e_1c_1l%7Cwatermark%3D0,0.0
l9FREYfQ8B6uhCZK,兰面包牛奶公社(红梅店),33条评价,￥18,甜品,北二路,https://www.dianping.com/shop/l9FREYfQ8B6uhCZK,http://p1.meituan.net/merchant/6f9945b8221f36ff29d49fa58d403e3374604.jpg%40340w_255h_1e_1c_1l%7Cwatermark%3D0,4.0
l1WNe2LxGQbuW0lr,LELECHA乐乐茶(铁西万象汇店),1381条评价,￥21,茶饮果汁,铁西广场,https://www.dianping.com/shop/l1WNe2LxGQbuW0lr,https://img.meituan.net/content/708a0b7a2b2f6f48a6979fe885f6b43a97234.jpg%40340w_255h_1e_1c_1l%7Cwatermark%3D0,4.0
H9yZCT70DQKOvfMD,雪糕酒水(南风雅都店),-,￥0,冰淇淋,重工街沿线,https://www.dianping.com/shop/H9yZCT70DQKOvfMD,http://p0.meituan.net/poipicadd/68da117ab3504d0dea69bdb348f614ea117004.jpg%40340w_255h_1e_1c_1l%7Cwatermark%3D0,0.0
G97Q4HK1jmBrWA25,杨士岗雪糕店,-,￥0,冰淇淋,辽中区,https://www.dianping.com/shop/G97Q4HK1jmBrWA25,http://p1.meituan.net/searchscenerec/268fcf0cf9da6ee9de81082cd414d859167595.png%40340w_255h_1e_1c_1l%7Cwatermark%3D0,0.0
l4K8xsv9qHa3GGQs,啤酒雪糕批发,-,￥0,冰淇淋,新民市,https://www.dianping.com/shop/l4K8xsv9qHa3GGQs,http://p0.meituan.net/poipicadd/2ec5dc4ffc683f6985061bf1e90480b69414.jpg%40340w_255h_1e_1c_1l%7Cwatermark%3D0,0.0
G1fnwr42xh0rRZwC,宏帅雪糕批发,-,￥0,冰淇淋,新民市,https://www.dianping.com/shop/G1fnwr42xh0rRZwC,http://p1.meituan.net/poipicadd/675c3f8702f07aab96edd128211eeb8815300.jpg%40340w_255h_1e_1c_1l%7Cwatermark%3D0,0.0
G3JjvrM46YbJK6yh,荟生活雪糕批发(胡台商城店),-,￥0,冰淇淋,新民市,https://www.dianping.com/shop/G3JjvrM46YbJK6yh,http://p0.meituan.net/poipicadd/f769a8115998ffb8256a3c77049193cd463198.jpg%40340w_255h_1e_1c_1l%7Cwatermark%3D0,0.0
G1SWXK5oluIMoFgC,粮油店雪糕批发,-,￥0,冰淇淋,沈北新区,https://www.dianping.com/shop/G1SWXK5oluIMoFgC,http://p0.meituan.net/poipicadd/ed0cf19e5a87542310e59d01c5355af654912.jpg%40340w_255h_1e_1c_1l%7Cwatermark%3D0,0.0
l7qKEDHDp5zGhla5,亦涵家雪糕折扣店,-,￥0,冰淇淋,重工街沿线,https://www.dianping.com/shop/l7qKEDHDp5zGhla5,http://p1.meituan.net/searchscenerec/268fcf0cf9da6ee9de81082cd414d859167595.png%40340w_255h_1e_1c_1l%7Cwatermark%3D0,0.0
jfCRMPO5pQ10r4bb,豆神怀石(三十三城店),336条评价,￥311,素食,浑南新区,https://www.dianping.com/shop/jfCRMPO5pQ10r4bb,http://p0.meituan.net/biztone/728733787_1660274095823.jpeg%40340w_255h_1e_1c_1l%7Cwatermark%3D0,5.0
k2ptAx9j1EoPv9k3,欧拉·西班牙海鲜饭·西班牙菜 HOLA PAELLA(欧亚长青...,1465条评价,￥76,西餐,沈阳理工大学,https://www.dianping.com/shop/k2ptAx9j1EoPv9k3,https://img.meituan.net/content/bb6d6d14228b4409b3ad9e5a17d8bac22202557.png%40340w_255h_1e_1c_1l%7Cwatermark%3D0,4.5
H2L53xuAiD9Fu3Qy,bluefrog蓝蛙(华润·沈阳长白万象汇店),1015条评价,￥124,西餐,长白岛,https://www.dianping.com/shop/H2L53xuAiD9Fu3Qy,https://img.meituan.net/content/4c2ba2fd564e90a651ec230585b6359b185612.jpg%40340w_255h_1e_1c_1l%7Cwatermark%3D0,4.5
l6CLhgOWxc1wT84I,麦当劳(泛华得来速店),606条评价,￥35,西式快餐,浑南新区,https://www.dianping.com/shop/l6CLhgOWxc1wT84I,https://img.meituan.net/content/641681971035e5f101fce48348cad9dc164377.jpg%40340w_255h_1e_1c_1l%7Cwatermark%3D0,4.0
G4mqD4ngHTDfqDZ3,牛奶雪糕(东大社区店),-,￥0,冰淇淋,南湖公园/三好街,https://www.dianping.com/shop/G4mqD4ngHTDfqDZ3,http://p1.meituan.net/searchscenerec/268fcf0cf9da6ee9de81082cd414d859167595.png%40340w_255h_1e_1c_1l%7Cwatermark%3D0,0.0
l6O2KH5XNbyTN251,野人部落(总店),7298条评价,￥80,烤串,北站/市府,https://www.dianping.com/shop/l6O2KH5XNbyTN251,https://p0.meituan.net/biztone/18fc8d0b0aa22dd6a44d0096c52452a3134327.jpg%40340w_255h_1e_1c_1l%7Cwatermark%3D0,5.0
H9zNVuyACN3h3xNx,雪糕奶站(第一城东区店),-,￥0,冰淇淋,龙之梦大都汇,https://www.dianping.com/shop/H9zNVuyACN3h3xNx,http://p0.meituan.net/poipicadd/3f292854c2f49ef2d7cf168fbddb6c0112790.jpg%40340w_255h_1e_1c_1l%7Cwatermark%3D0,0.0
l5gITAm6BA4rA0Rv,奉天冰城,18条评价,￥0,冰淇淋,北站/市府,https://www.dianping.com/shop/l5gITAm6BA4rA0Rv,http://p0.meituan.net/merchant/1934befcd07b06e883ab4f54174957c159939.jpg%40340w_255h_1e_1c_1l%7Cwatermark%3D0,3.5
k2lyOqchVGVSZahK,公园散步ParkWalk咖啡店,91条评价,￥39,咖啡厅,新华广场,https://www.dianping.com/shop/k2lyOqchVGVSZahK,http://p0.meituan.net/poipicadd/4d6697b8170941d15b72cc12a32a5700534594.jpg%40340w_255h_1e_1c_1l%7Cwatermark%3D0,4.5
G4RRTHAglBeJtN1H,bluefrog蓝蛙(沈阳万象城店),2788条评价,￥132,西餐,五里河,https://www.dianping.com/shop/G4RRTHAglBeJtN1H,https://img.meituan.net/content/4c2ba2fd564e90a651ec230585b6359b185612.jpg%40340w_255h_1e_1c_1l%7Cwatermark%3D0,4.0
H72JpqCs8m6f3ymX,奶思希腊冷萃酸奶,-,￥0,冰淇淋,北站/市府,https://www.dianping.com/shop/H72JpqCs8m6f3ymX,http://p1.meituan.net/poipicadd/4788b2d201d35ee9ee4ee536bfbca80d329091.jpg%40340w_255h_1e_1c_1l%7Cwatermark%3D0,0.0
k1LZJVCJoLMCmpvb,鲜芋仙(沈辽路万达店),1434条评价,￥29,甜品,沈辽路万达,https://www.dianping.com/shop/k1LZJVCJoLMCmpvb,https://img.meituan.net/content/ca01a1f49b30de39b665ff607dca823696377.jpg%40340w_255h_1e_1c_1l%7Cwatermark%3D0,4.0
H2siKA6azpoqqolE,蓁璞餐厅(北五马路店),3436条评价,￥109,比萨,中山广场/医大一院,https://www.dianping.com/shop/H2siKA6azpoqqolE,https://img.meituan.net/content/231b274b5a5673b8a3363aad3cedb7572259902.png%40340w_255h_1e_1c_1l%7Cwatermark%3D0,4.5
l2IlcTheKi56piBQ,汉堡王(积家购物中心店),2923条评价,￥32,西式快餐,正良,https://www.dianping.com/shop/l2IlcTheKi56piBQ,https://img.meituan.net/content/29345cf76350d7d96a091dee5e469017164687.jpg%40340w_255h_1e_1c_1l%7Cwatermark%3D0,4.0
k7qAJ2AAbBKnyFsx,雪糕牛奶批发,-,￥0,冰淇淋,道义商圈,https://www.dianping.com/shop/k7qAJ2AAbBKnyFsx,http://p1.meituan.net/searchscenerec/268fcf0cf9da6ee9de81082cd414d859167595.png%40340w_255h_1e_1c_1l%7Cwatermark%3D0,0.0
Ha0mx4YIuDdx2K4E,牛奶雪糕批发,-,￥0,冰淇淋,黎明广场,https://www.dianping.com/shop/Ha0mx4YIuDdx2K4E,http://p0.meituan.net/poipicadd/963e8dc40d15ecf86a3469c1e1c78c4116453.jpg%40340w_255h_1e_1c_1l%7Cwatermark%3D0,0.0
k2WFEJkYfRpxQHWI,雪糕直营店,-,￥0,冰淇淋,新民市中心城区,https://www.dianping.com/shop/k2WFEJkYfRpxQHWI,http://p1.meituan.net/poipicadd/d56a15954fc7aa766338affa01a04484315112.jpg%40340w_255h_1e_1c_1l%7Cwatermark%3D0,0.0
l21DlLlak1Uogr02,鑫龙发发雪糕批发部,-,￥0,冰淇淋,新城子,https://www.dianping.com/shop/l21DlLlak1Uogr02,http://p1.meituan.net/poipicadd/98a83a408cdb8ad60181073d887f046b144585.jpg%40340w_255h_1e_1c_1l%7Cwatermark%3D0,0.0
l84C79u3ohEDOOMe,雪糕批发(万科·郁金香花园2期店),-,￥0,冰淇淋,长白岛,https://www.dianping.com/shop/l84C79u3ohEDOOMe,http://p1.meituan.net/searchscenerec/268fcf0cf9da6ee9de81082cd414d859167595.png%40340w_255h_1e_1c_1l%7Cwatermark%3D0,0.0
k5oEqt3dofZdhT0i,雪糕批发,-,￥0,冰淇淋,法库县,https://www.dianping.com/shop/k5oEqt3dofZdhT0i,http://p0.meituan.net/poipicadd/19928395aa27851c962ac1e811d7031e215314.jpg%40340w_255h_1e_1c_1l%7Cwatermark%3D0,0.0
l7GvkgK1AaLHZnvD,糖糖便利店,-,￥0,其他美食,新城子,https://www.dianping.com/shop/l7GvkgK1AaLHZnvD,http://p0.meituan.net/poipicadd/4420c2c1e875a897604f0c182bffbf28379937.jpg%40340w_255h_1e_1c_1l%7Cwatermark%3D0,0.0
G5imNhUTzXU6KNed,朵冰意式冰淇淋蛋糕店,-,￥0,其他美食,浑南新区,https://www.dianping.com/shop/G5imNhUTzXU6KNed,http://p1.meituan.net/poipicadd/e65f3822270bdb69f06c6ddfb8a346bf196402.jpg%40340w_255h_1e_1c_1l%7Cwatermark%3D0,0.0
kauVh72cTddykKcy,质优奶站雪糕店,-,￥0,冰淇淋,浑南新区,https://www.dianping.com/shop/kauVh72cTddykKcy,http://p1.meituan.net/searchscenerec/268fcf0cf9da6ee9de81082cd414d859167595.png%40340w_255h_1e_1c_1l%7Cwatermark%3D0,0.0
H1k047M7z4Wyn3lU,雪糕批发,-,￥0,冰淇淋,浑南区,https://www.dianping.com/shop/H1k047M7z4Wyn3lU,http://p1.meituan.net/searchscenerec/268fcf0cf9da6ee9de81082cd414d859167595.png%40340w_255h_1e_1c_1l%7Cwatermark%3D0,0.0
im5S1eGSm8Tio9ZN,雪糕批发,-,￥0,冰淇淋,辽中区,https://www.dianping.com/shop/im5S1eGSm8Tio9ZN,http://p0.meituan.net/poipicadd/57845cabe61a9d206ba08ddafef3dfd117013.jpg%40340w_255h_1e_1c_1l%7Cwatermark%3D0,0.0
H5IlT44FijK07g03,新天地超市(方大世纪城),-,￥26,超市便利,浑南新区,https://www.dianping.com/shop/H5IlT44FijK07g03,https://p1.meituan.net/travelcube/ce5f047b6019d41bd35ecb1ebb396ba1139552.png%40340w_255h_1e_1c_1l%7Cwatermark%3D0,0.0
G6xi0PytliN2ytxu,牛奶雪糕批发零售,-,￥0,冰淇淋,吉祥市场,https://www.dianping.com/shop/G6xi0PytliN2ytxu,http://p0.meituan.net/poipicadd/bac354042c1aa1eec5a3272eb59db55b59303.jpg%40340w_255h_1e_1c_1l%7Cwatermark%3D0,0.0
H2nwHQeAvU2Vs1pO,雪糕批发,-,￥0,冰淇淋,辽中区,https://www.dianping.com/shop/H2nwHQeAvU2Vs1pO,http://p1.meituan.net/searchscenerec/268fcf0cf9da6ee9de81082cd414d859167595.png%40340w_255h_1e_1c_1l%7Cwatermark%3D0,0.0
G4XmgNF0bi3bB8kN,雪糕批发零售,-,￥0,冰淇淋,领东国际,https://www.dianping.com/shop/G4XmgNF0bi3bB8kN,http://p1.meituan.net/searchscenerec/268fcf0cf9da6ee9de81082cd414d859167595.png%40340w_255h_1e_1c_1l%7Cwatermark%3D0,0.0
G2gCRlX2ATNchGsC,德氏冷饮(金地·滨河国际上城店),-,￥0,冰淇淋,沈阳建筑大学,https://www.dianping.com/shop/G2gCRlX2ATNchGsC,http://p0.meituan.net/poipicadd/559373ade5f8c7c8883648fc5d578c3711857.jpg%40340w_255h_1e_1c_1l%7Cwatermark%3D0,0.0
G2CWyhxYmB87FgEk,德氏冷饮(泰莱16区店),-,￥0,饮品店,浑南新区,https://www.dianping.com/shop/G2CWyhxYmB87FgEk,http://p1.meituan.net/searchscenerec/268fcf0cf9da6ee9de81082cd414d859167595.png%40340w_255h_1e_1c_1l%7Cwatermark%3D0,0.0
G5C9ofL1Io7WrSYy,雪糕批发(华兴小区店),-,￥0,冰淇淋,文艺路/文化路,https://www.dianping.com/shop/G5C9ofL1Io7WrSYy,http://p1.meituan.net/poipicadd/a6b45404766f23f4b10e2f9307876364367739.jpg%40340w_255h_1e_1c_1l%7Cwatermark%3D0,0.0
G2URoU0WWv6BtTfu,宏伟雪糕批发,-,￥0,冰淇淋,康平县,https://www.dianping.com/shop/G2URoU0WWv6BtTfu,http://p1.meituan.net/poipicadd/d5007d628d6ab101036d16ec6795cb0b21150.jpg%40340w_255h_1e_1c_1l%7Cwatermark%3D0,0.0
k7SuEUdX5gnjm3U4,盛夏雪糕折扣店,-,￥0,饮品店,苏家屯区,https://www.dianping.com/shop/k7SuEUdX5gnjm3U4,http://p0.meituan.net/poipicadd/fbf2eb86ddbad2cc0224e61045586f4f322111.jpg%40340w_255h_1e_1c_1l%7Cwatermark%3D0,0.0
k2cZiHuLXiy8tKLy,双润鲜肉行,-,￥0,生鲜,新民市,https://www.dianping.com/shop/k2cZiHuLXiy8tKLy,http://p1.meituan.net/poipicadd/7ced893ac0994e4ba1c0a3df4a8adf9a25215.jpg%40340w_255h_1e_1c_1l%7Cwatermark%3D0,0.0
H3Kvxx24tG8ed8t9,可口可乐浑南营业部(天成街店),-,￥0,饮品店,浑南新区,https://www.dianping.com/shop/H3Kvxx24tG8ed8t9,http://p0.meituan.net/poipicadd/eaaf89785938dfdbbaa94cb8a4d80b3e123695.jpg%40340w_255h_1e_1c_1l%7Cwatermark%3D0,0.0
l7epXCGRjyIy47GS,三月居酒屋(三经街店),603条评价,￥60,日本料理,南市/马路湾,https://www.dianping.com/shop/l7epXCGRjyIy47GS,https://p0.meituan.net/biztone/11b4d0246514873a38dfd57ec13ac601403704.jpg%40340w_255h_1e_1c_1l%7Cwatermark%3D0,5.0
k4GsIval4q1a6jEf,米西顿•牛排•西餐(市府恒隆店),3550条评价,￥120,牛排,北站/市府,https://www.dianping.com/shop/k4GsIval4q1a6jEf,http://p0.meituan.net/biztone/999817005_1656380282598.jpeg%40340w_255h_1e_1c_1l%7Cwatermark%3D0,4.5
Gay6Bf9SGBzAUq5i,海底捞火锅(花园城店),6090条评价,￥112,四川火锅,浑南新区,https://www.dianping.com/shop/Gay6Bf9SGBzAUq5i,https://img.meituan.net/content/773b020a2d540c406a3ef2845967efdb204411.jpg%40340w_255h_1e_1c_1l%7Cwatermark%3D0,5.0
k3Ob5pO8gXlhSW5T,麦当劳(沈阳百联店),795条评价,￥25,西式快餐,青年大街,https://www.dianping.com/shop/k3Ob5pO8gXlhSW5T,https://img.meituan.net/content/641681971035e5f101fce48348cad9dc164377.jpg%40340w_255h_1e_1c_1l%7Cwatermark%3D0,4.0
H1XL1Ll3cQGxQrqR,汉堡王(新隆街店),786条评价,￥28,西式快餐,浑南新区,https://www.dianping.com/shop/H1XL1Ll3cQGxQrqR,https://img.meituan.net/content/29345cf76350d7d96a091dee5e469017164687.jpg%40340w_255h_1e_1c_1l%7Cwatermark%3D0,4.0
kaqzfJ3vmVCtFG6h,枕水江南·点玲珑,1655条评价,￥53,本帮江浙菜,道义,https://www.dianping.com/shop/kaqzfJ3vmVCtFG6h,https://img.meituan.net/content/15a0446b88cd07c401813d8cb10f51db41574.jpg%40340w_255h_1e_1c_1l%7Cwatermark%3D0,4.0
laT9sgOUalogcS9z,喜家自助小火锅(杉杉奥莱店),1104条评价,￥58,自助餐,铁西区,https://www.dianping.com/shop/laT9sgOUalogcS9z,https://img.meituan.net/content/3042749aaff6d1dea71fea3cee3800f9104426.jpg%40340w_255h_1e_1c_1l%7Cwatermark%3D0,4.5
l5d1zaQjcyP834uo,韩盛·盛江山自助料理(K11黑金店),7168条评价,￥96,自助餐,浑南新区,https://www.dianping.com/shop/l5d1zaQjcyP834uo,https://img.meituan.net/content/1b2d68eb8275ce31e8c0c63a5729de3e73847.jpg%40340w_255h_1e_1c_1l%7Cwatermark%3D0,4.5
k8E8rOjlrgyTfJv3,遇约烤鸭(中粮店),4162条评价,￥109,烤鸭,北陵,https://www.dianping.com/shop/k8E8rOjlrgyTfJv3,https://img.meituan.net/content/4db744bfdc083b579aff0bb12b624d07822530.jpg%40340w_255h_1e_1c_1l%7Cwatermark%3D0,4.5
k3shZtjrUokIJy0K,1点点(皇城恒隆店),1683条评价,￥17,茶饮果汁,中街/故宫,https://www.dianping.com/shop/k3shZtjrUokIJy0K,https://p0.meituan.net/poiugc/9d5ffc6dcea8c788796b9130349267a0309930.png%40340w_255h_1e_1c_1l%7Cwatermark%3D0,4.0
l9kBABLwOGrAJCNU,奈雪的茶(万象城店),4904条评价,￥23,茶饮果汁,五里河,https://www.dianping.com/shop/l9kBABLwOGrAJCNU,https://img.meituan.net/content/afa9baa79be5d41300893ad90c2e6f0c304167.jpg%40340w_255h_1e_1c_1l%7Cwatermark%3D0,4.0
l5LeL9AMgkRpqmvC,金香匯晚茶(三好街店),14061条评价,￥65,粤菜馆,南湖公园/三好街,https://www.dianping.com/shop/l5LeL9AMgkRpqmvC,https://p0.meituan.net/biztone/23b8c4ddc0d4af99c438e601a0abd98d387133.jpg%40340w_255h_1e_1c_1l%7Cwatermark%3D0,4.0
k8fijAFbaiOsysY9,夏宫中餐厅(香格里拉大酒店),3550条评价,￥156,东北菜,五里河,https://www.dianping.com/shop/k8fijAFbaiOsysY9,https://img.meituan.net/content/a9f6ecce223c00facc5324f0d1af944f139455.jpg%40340w_255h_1e_1c_1l%7Cwatermark%3D0,5.0
k5YfKMWX3wAj89LZ,枕水江南(铁西万象汇店),4752条评价,￥85,苏浙菜,铁西广场,https://www.dianping.com/shop/k5YfKMWX3wAj89LZ,https://img.meituan.net/content/15a0446b88cd07c401813d8cb10f51db41574.jpg%40340w_255h_1e_1c_1l%7Cwatermark%3D0,4.5
H29NlEBwnWM4l7iJ,牛YO寿喜烧火锅自助(沈北吾悦店),6482条评价,￥156,自助餐,道义,https://www.dianping.com/shop/H29NlEBwnWM4l7iJ,https://img.meituan.net/content/e75f359fa1c0ce039d05cda9573330df346053.jpg%40340w_255h_1e_1c_1l%7Cwatermark%3D0,5.0
k7pjghM7E6R4rvhe,海底捞火锅(吾悦广场店),2732条评价,￥110,四川火锅,道义,https://www.dianping.com/shop/k7pjghM7E6R4rvhe,https://img.meituan.net/content/773b020a2d540c406a3ef2845967efdb204411.jpg%40340w_255h_1e_1c_1l%7Cwatermark%3D0,5.0
l531kDCW8CTdzSx7,酥味轩(欧亚长青店),439条评价,￥25,甜品,沈阳理工大学,https://www.dianping.com/shop/l531kDCW8CTdzSx7,https://img.meituan.net/content/498f5654a7697d0ba8e5549f69b8f92690605.jpg%40340w_255h_1e_1c_1l%7Cwatermark%3D0,4.0
l2rxAEZP9A60p3x9,弘记粤菜茶餐厅,1740条评价,￥128,茶餐厅,浑南新区,https://www.dianping.com/shop/l2rxAEZP9A60p3x9,http://p0.meituan.net/merchant/cf82dcf74b6a24ccbe45b7b0d8671429278520.jpg%40340w_255h_1e_1c_1l%7Cwatermark%3D0,4.5
G5jBFxXVaBpNKLxM,乐屋烧烤·露营版(浑南店),3105条评价,￥76,烤串,浑南新区,https://www.dianping.com/shop/G5jBFxXVaBpNKLxM,http://p0.meituan.net/biztone/1328880417_1688714419503.jpeg%40340w_255h_1e_1c_1l%7Cwatermark%3D0,4.5
k1xQ8NW9faGcTprI,麦当劳(全运万达店),455条评价,￥25,西式快餐,浑南新区,https://www.dianping.com/shop/k1xQ8NW9faGcTprI,https://img.meituan.net/content/641681971035e5f101fce48348cad9dc164377.jpg%40340w_255h_1e_1c_1l%7Cwatermark%3D0,4.0
l9S6U9NjfntcEl9E,蔓朵艺术料理,1357条评价,￥158,特色菜,南市/马路湾,https://www.dianping.com/shop/l9S6U9NjfntcEl9E,http://p1.meituan.net/biztone/180081096_1653383465422.jpeg%40340w_255h_1e_1c_1l%7Cwatermark%3D0,4.5
E4WrjyoWWETbApRN,乔哥铭洋海鲜自助(皇城恒隆广场店),13422条评价,￥279,海鲜自助,中街/故宫,https://www.dianping.com/shop/E4WrjyoWWETbApRN,http://p0.meituan.net/biztone/622370129_1710312754082.jpeg%40340w_255h_1e_1c_1l%7Cwatermark%3D0,4.0
l674MVzm7ebtnyB6,荷里活西餐,178条评价,￥118,牛排,北站/市府,https://www.dianping.com/shop/l674MVzm7ebtnyB6,http://p0.meituan.net/biztone/682711852_1706847726572.jpeg%40340w_255h_1e_1c_1l%7Cwatermark%3D0,4.5
F7PO9tTzWnDdePvX,满灶红羊肉炉牛肉煲,841条评价,￥61,牛羊肉火锅,奉天街沿线,https://www.dianping.com/shop/F7PO9tTzWnDdePvX,https://p0.meituan.net/biztone/36497c6f45c6825648c9a1ed73ac62981484212.jpg%40340w_255h_1e_1c_1l%7Cwatermark%3D0,5.0
kaiWXkVTQRnqhivO,川香故里·经典成都火锅,4215条评价,￥105,四川火锅,兴工街/沈阳站西广场,https://www.dianping.com/shop/kaiWXkVTQRnqhivO,https://p0.meituan.net/biztone/cbfb71cfbd901876f22568f34ba57a6b257145.jpg%40340w_255h_1e_1c_1l%7Cwatermark%3D0,5.0
l9uUpynQolg2n58G,肯德基(长白大润发店),1534条评价,￥30,西式快餐,长白岛,https://www.dianping.com/shop/l9uUpynQolg2n58G,https://img.meituan.net/content/0e35568513be996f4b936df7a92307de114434.jpg%40340w_255h_1e_1c_1l%7Cwatermark%3D0,4.0
G6MZFBCTvSIk0SE2,佟班长宽甸特色煎锅烤肉,59条评价,￥67,融合烤肉,重工街沿线,https://www.dianping.com/shop/G6MZFBCTvSIk0SE2,https://p0.meituan.net/poiugc/0c0dff8188d22ee52e89bccd924bf5bf4021901.png%40340w_255h_1e_1c_1l%7Cwatermark%3D0,4.0
GafvDhcSHmO19yhh,像样烤烤(万象城店),136条评价,￥81,烤串,彩电塔,https://www.dianping.com/shop/GafvDhcSHmO19yhh,https://img.meituan.net/content/1b75be3bf4122ca1a32a210cadec262656984.jpg%40340w_255h_1e_1c_1l%7Cwatermark%3D0,4.0
l3fIqr590c9pqgCi,锅和友铁锅炖(和平八经街店),3063条评价,￥65,东北菜,南市/马路湾,https://www.dianping.com/shop/l3fIqr590c9pqgCi,https://img.meituan.net/content/d2b2ac2d8ad882167e54addfa156fc04182615.jpg%40340w_255h_1e_1c_1l%7Cwatermark%3D0,5.0
G4VidUX363AZGTNK,糕材生(大南店),2386条评价,￥18,面包烘焙,五爱市场,https://www.dianping.com/shop/G4VidUX363AZGTNK,https://img.meituan.net/content/26e222a53f2dd72667e8a88f72465eb0694875.png%40340w_255h_1e_1c_1l%7Cwatermark%3D0,4.0
H2wI2QC599NIFDJn,唐朝蟹神(三十三城店),1436条评价,￥608,海鲜,奥体中心,https://www.dianping.com/shop/H2wI2QC599NIFDJn,https://img.meituan.net/content/9dc5b33a475c477a4c00dea7cec5f6271144972.png%40340w_255h_1e_1c_1l%7Cwatermark%3D0,5.0
k6cd5ffQLlVNX48A,丐少·云南铜锅油焖鸡,1188条评价,￥47,特色菜,奉天街沿线,https://www.dianping.com/shop/k6cd5ffQLlVNX48A,https://img.meituan.net/content/49f91c7029ba393dc1e951f724dc6f60176246.jpg%40340w_255h_1e_1c_1l%7Cwatermark%3D0,4.0
G3wVUfL32OLDoDGo,楠無小馆·椰子鸡,307条评价,￥88,火锅,北站/市府,https://www.dianping.com/shop/G3wVUfL32OLDoDGo,http://p0.meituan.net/merchant/19c6458b5881964e07b442047aa87a85365764.jpg%40340w_255h_1e_1c_1l%7Cwatermark%3D0,4.0
l5z9HgMrZn55DPAf,大树餐厅(长白万象汇店),2435条评价,￥92,粤菜馆,长白岛,https://www.dianping.com/shop/l5z9HgMrZn55DPAf,https://img.meituan.net/content/0fea78b7700a39ec3d95d7d6444f939f1059433.png%40340w_255h_1e_1c_1l%7Cwatermark%3D0,4.5
l8BFDxYqm8mXvDow,一緒に寿喜烧(K11店),2899条评价,￥191,自助餐,五里河,https://www.dianping.com/shop/l8BFDxYqm8mXvDow,https://img.meituan.net/content/a5552edc3c862d63036d723e5f5d163277414.jpg%40340w_255h_1e_1c_1l%7Cwatermark%3D0,4.0
G5JK51m97Kc6RztB,椰岛印象·海南椰子鸡生态火锅(总店),2994条评价,￥92,椰子鸡火锅,沈阳站,https://www.dianping.com/shop/G5JK51m97Kc6RztB,https://p0.meituan.net/biztone/5b7b5812c866f6af801acbce50033ad4335469.jpg%40340w_255h_1e_1c_1l%7Cwatermark%3D0,4.5
H5SPkFQbXjPlbeQu,小慧锦州烧烤(南二太原街店),5301条评价,￥60,烤串,太原街,https://www.dianping.com/shop/H5SPkFQbXjPlbeQu,https://img.meituan.net/content/e666a2a90014268ac67b2b1a356c3027287595.jpg%40340w_255h_1e_1c_1l%7Cwatermark%3D0,4.0
k5HnTqk506XKRqpy,吉野家(中街店),3985条评价,￥28,日式简餐/快餐,中街/故宫,https://www.dianping.com/shop/k5HnTqk506XKRqpy,https://img.meituan.net/content/b40494d972546ca667b79c1248384576194422.jpg%40340w_255h_1e_1c_1l%7Cwatermark%3D0,4.0
H5clj0XigMEthh1K,积善食堂放题自助(中兴街店),2861条评价,￥246,日式自助,南市/马路湾,https://www.dianping.com/shop/H5clj0XigMEthh1K,https://p0.meituan.net/biztone/86a1d22600bb4e4c6fd64d88f6b3d205838071.jpg%40340w_255h_1e_1c_1l%7Cwatermark%3D0,4.5
H1RgKlBB52Q56XZP,汕意潮粥记(南市场店),3987条评价,￥82,粤菜馆,南市/马路湾,https://www.dianping.com/shop/H1RgKlBB52Q56XZP,https://img.meituan.net/content/10df0655909a0401db27736f2c6428e0301105.png%40340w_255h_1e_1c_1l%7Cwatermark%3D0,4.5
k2g9pzFRgXYZ39NC,麦当劳(和平南街阳光荟店),151条评价,￥23,西式快餐,砂山,https://www.dianping.com/shop/k2g9pzFRgXYZ39NC,https://img.meituan.net/content/641681971035e5f101fce48348cad9dc164377.jpg%40340w_255h_1e_1c_1l%7Cwatermark%3D0,4.0
GaOROhqvo2jbzQXg,沈阳瑞士酒店·普拉那啤酒坊,1540条评价,￥145,西餐,奉天街沿线,https://www.dianping.com/shop/GaOROhqvo2jbzQXg,http://p0.meituan.net/biztone/eb3737f4fc989f191543098105f12938105868.jpg%40340w_255h_1e_1c_1l%7Cwatermark%3D0,4.5
H76z3PJV3HwLDrQn,隐庐·宴和堂(嘉里城店),1522条评价,￥151,广州菜,五里河,https://www.dianping.com/shop/H76z3PJV3HwLDrQn,http://p1.meituan.net/biztone/187792329_1701687634474.jpeg%40340w_255h_1e_1c_1l%7Cwatermark%3D0,4.0
G7esdSNMjyCLqVVe,三千里(西塔总店),3229条评价,￥100,韩式烤肉,西塔/北市场,https://www.dianping.com/shop/G7esdSNMjyCLqVVe,https://img.meituan.net/msmerchant/da09ca283fa9bc5892352562c0c92ac2182577.jpg%40340w_255h_1e_1c_1l%7Cwatermark%3D0,4.0
GarKsJLan3ysau57,野人串吧(中街总店),15484条评价,￥67,烤串,大东广场,https://www.dianping.com/shop/GarKsJLan3ysau57,https://p0.meituan.net/biztone/d316508d16b8352c9376e860629d15c2220064.jpg%40340w_255h_1e_1c_1l%7Cwatermark%3D0,4.0
ka1HfC9PcffBTfnu,肯德基(中石油鸭绿江街店),64条评价,￥41,西式快餐,陵东,https://www.dianping.com/shop/ka1HfC9PcffBTfnu,https://img.meituan.net/content/0e35568513be996f4b936df7a92307de114434.jpg%40340w_255h_1e_1c_1l%7Cwatermark%3D0,3.5
l45D0sxlywFmYKd3,膳之坊(北三经店),1992条评价,￥54,东北菜,北站/市府,https://www.dianping.com/shop/l45D0sxlywFmYKd3,http://p0.meituan.net/merchant/275d908bdcb134642b4d92258670dd68144391.jpg%40340w_255h_1e_1c_1l%7Cwatermark%3D0,4.0
H4sUQcTbB7MIJuJg,奈雪的茶(皇姑万象汇店),1169条评价,￥20,茶饮果汁,鸭绿江街,https://www.dianping.com/shop/H4sUQcTbB7MIJuJg,https://img.meituan.net/content/afa9baa79be5d41300893ad90c2e6f0c304167.jpg%40340w_255h_1e_1c_1l%7Cwatermark%3D0,4.5
jgel8XN9P6QoU3bA,魔方咖啡(信悦汇店),625条评价,￥27,咖啡厅,塔湾,https://www.dianping.com/shop/jgel8XN9P6QoU3bA,https://img.meituan.net/content/dd04b31a7f51219a2d188ce42b76f9dd976993.png%40340w_255h_1e_1c_1l%7Cwatermark%3D0,4.5
G4DxTNLi9YMOYq5a,米芝莲港式奶茶(文安路店),207条评价,￥17,茶饮果汁,五里河,https://www.dianping.com/shop/G4DxTNLi9YMOYq5a,http://p0.meituan.net/biztone/9a9d3007430b136fee184629026038c71700543.png%40340w_255h_1e_1c_1l%7Cwatermark%3D0,4.0
kaKj55Bl5PByCGu7,一緒に寿喜烧(大悦城店),4960条评价,￥159,自助餐,东中街,https://www.dianping.com/shop/kaKj55Bl5PByCGu7,https://img.meituan.net/content/97806d06278a3979e466a43f7d5ec63676958.jpg%40340w_255h_1e_1c_1l%7Cwatermark%3D0,4.0
k6NAdFfOTf02YhZ2,牛YO烧肉烤肉自助(沈北吾悦店),4286条评价,￥158,烤肉自助,道义,https://www.dianping.com/shop/k6NAdFfOTf02YhZ2,https://img.meituan.net/content/aa590d50dbbb92e9ad555fcfdc313c992163651.png%40340w_255h_1e_1c_1l%7Cwatermark%3D0,4.5
H4pXwQV3GKuC7gw2,西牛铁板烧(中街店),3612条评价,￥79,日式铁板烧,中街/故宫,https://www.dianping.com/shop/H4pXwQV3GKuC7gw2,http://p0.meituan.net/merchant/25a1b62b3ec0089e6185282bae49352489055.jpg%40340w_255h_1e_1c_1l%7Cwatermark%3D0,4.5
G6TPtwbHegJTQXGM,LENBACH兰巴赫 西餐啤酒坊(沈阳天地店),2516条评价,￥128,西餐,龙江广场,https://www.dianping.com/shop/G6TPtwbHegJTQXGM,https://img.meituan.net/content/5339ce3df918dffce2f2e85c142d7d15582239.jpg%40340w_255h_1e_1c_1l%7Cwatermark%3D0,4.5
G1r7foQo8O4yVo85,小川正·料理店(铁西广场店),2078条评价,￥65,日本料理,铁西广场,https://www.dianping.com/shop/G1r7foQo8O4yVo85,https://p0.meituan.net/biztone/5948262cdf67304ebab21a2ef2298a7690937.jpg%40340w_255h_1e_1c_1l%7Cwatermark%3D0,5.0
k457DpPLf0HsQLn0,笔记安顺夺夺粉火锅(三台子万象汇店),767条评价,￥68,火锅,三台子,https://www.dianping.com/shop/k457DpPLf0HsQLn0,https://img.meituan.net/content/e4b8f2a1310b393df7923b4bc0e1bbba181401.jpg%40340w_255h_1e_1c_1l%7Cwatermark%3D0,4.0
jiVPXLrKZV02glKC,太阳狮万丽酒店-燃西餐厅,835条评价,￥151,自助餐,财富广场,https://www.dianping.com/shop/jiVPXLrKZV02glKC,https://img.meituan.net/content/46a0f640eb6a665071ff6090a6bc94753518847.png%40340w_255h_1e_1c_1l%7Cwatermark%3D0,4.0
l4654Mbw9cjyuuAo,七菜馆(文体路店),2273条评价,￥53,东北菜,五里河,https://www.dianping.com/shop/l4654Mbw9cjyuuAo,http://p1.meituan.net/merchant/05326c241aa290acfd15dbb83796737e31489.jpg%40340w_255h_1e_1c_1l%7Cwatermark%3D0,4.5
k2VMPatJbikpBqrn,慶の寿喜烧·和牛自助餐厅(中街恒隆店),3506条评价,￥151,自助餐,中街/故宫,https://www.dianping.com/shop/k2VMPatJbikpBqrn,https://img.meituan.net/content/d259f613254529bed0037cde41dd0259401105.jpg%40340w_255h_1e_1c_1l%7Cwatermark%3D0,4.0
l4D3eysPkJGdP45Y,大树餐厅(万达创始店),17952条评价,￥90,粤菜馆,太原街,https://www.dianping.com/shop/l4D3eysPkJGdP45Y,https://img.meituan.net/content/0fea78b7700a39ec3d95d7d6444f939f1059433.png%40340w_255h_1e_1c_1l%7Cwatermark%3D0,4.5
EvJBmdQ0qlEY3e1P,云轩笨大厨·东北家常菜(皇姑万象汇店),628条评价,￥58,东北菜,鸭绿江街,https://www.dianping.com/shop/EvJBmdQ0qlEY3e1P,https://img.meituan.net/content/5155200a977d2a3309e3313036288768100557.jpg%40340w_255h_1e_1c_1l%7Cwatermark%3D0,4.0
l63GEzkWMsH9cSsm,尚居日料·和牛寿喜烧自助(市府恒隆广场店),5173条评价,￥146,日式自助,北站/市府,https://www.dianping.com/shop/l63GEzkWMsH9cSsm,https://img.meituan.net/content/82b564336c94e77a3b72e4cc26a9e0f72464184.png%40340w_255h_1e_1c_1l%7Cwatermark%3D0,4.5
G2ShJpLzlzNQA6RY,WINEDORA丨桥上Kitchen&Bar,1386条评价,￥132,西餐,长白岛,https://www.dianping.com/shop/G2ShJpLzlzNQA6RY,https://img.meituan.net/content/902198564e9583576e6a73b46a0df3d21082151.png%40340w_255h_1e_1c_1l%7Cwatermark%3D0,4.0
